"idUSer";"timestamp";"code";"idJoint0";"x0";"y0";"z0";"a0";"idJoint1";"x1";"y1";"z1";"a1";"idJoint2";"x2";"y2";"z2";"a2";"idJoint5";"x5";"y5";"z5";"a5";"idJoint6";"x6";"y6";"z6";"a6";"idJoint8";"x8";"y8";"z8";"a8";"idJoint11";"x11";"y11";"z11";"a11";"idJoint12";"x12";"y12";"z12";"a12";"idJoint14";"x14";"y14";"z14";"a14";"idJoint16";"x16";"y16";"z16";"a16";"idJoint17";"x17";"y17";"z17";"a17";"idJoint19";"x19";"y19";"z19";"a19";"idJoint20";"x20";"y20";"z20";"a20";"idJoint21";"x21";"y21";"z21";"a21";"idJoint23";"x23";"y23";"z23";"a23"
2;1342369905783;fallen;0;387.62857;257.1747;2557.2368;1.0;1;317.29733;277.22873;2370.3555;1.0;2;328.51285;286.97534;2387.367;1.0;5;313.08075;269.25848;2487.1309;1.0;6;262.91806;289.94592;2535.6511;1.0;8;214.75949;318.28812;2264.2256;1.0;11;321.9509;286.02496;2253.5803;1.0;12;390.7979;294.07755;2287.1018;1.0;14;450.2044;270.19025;2558.7144;1.0;16;331.70547;283.31494;2585.8162;1.0;17;402.32574;278.54163;2614.1704;1.0;19;467.13348;264.49622;2718.9133;1.0;20;348.71762;312.01926;2222.9404;1.0;21;364.99835;375.8881;1816.1772;1.0;23;334.59097;379.99466;2250.96;1.0
2;1342369905857;fallen;0;319.04843;226.6454;2266.1423;1.0;1;320.4518;276.3186;2381.409;1.0;2;330.60254;286.25177;2394.6545;1.0;5;318.51807;268.90622;2488.254;1.0;6;270.63718;291.85248;2510.4944;1.0;8;215.54622;317.79306;2266.1013;1.0;11;322.5672;284.4274;2274.5642;1.0;12;390.84683;291.99304;2308.4062;1.0;14;455.54434;266.8227;2603.2688;1.0;16;336.05234;282.53925;2590.1494;1.0;17;405.29425;278.42087;2616.3926;1.0;19;475.2671;264.42657;2709.9185;1.0;20;345.98248;311.8289;2225.6506;1.0;21;358.6758;374.62225;1806.6525;1.0;23;332.65442;380.9662;2254.4392;1.0
2;1342369908801;fallen;0;265.69028;307.2244;2124.2;1.0;1;293.37274;290.40884;2231.3237;1.0;2;314.14322;289.1897;2325.3704;1.0;5;275.11365;290.1132;2295.214;1.0;6;244.53934;299.97958;2372.7786;1.0;8;182.0218;326.42615;2105.7422;1.0;11;312.7083;290.72195;2167.4333;1.0;12;265.81445;313.45053;2024.4082;1.0;14;298.5286;269.6096;2376.4124;1.0;16;323.87592;287.95325;2452.6287;1.0;17;339.1975;339.1763;2059.1287;1.0;19;476.91382;251.8588;2698.2007;1.0;20;342.9842;288.18054;2386.205;1.0;21;343.60184;360.21317;1996.2998;1.0;23;334.15253;406.77426;2150.6072;1.0
2;1342369908942;fallen;0;263.2908;309.28888;2133.8342;1.0;1;293.74796;291.72974;2246.3662;1.0;2;314.10925;293.12482;2326.6743;1.0;5;277.58588;288.0835;2314.3557;1.0;6;221.52266;292.5469;2347.1963;1.0;8;187.64201;318.96576;2132.4595;1.0;11;310.91885;295.60358;2178.3767;1.0;12;403.08533;285.85406;2459.7798;1.0;14;455.15283;261.7518;2740.819;1.0;16;320.13187;291.6346;2461.1726;1.0;17;250.96431;319.47116;2074.131;1.0;19;432.7432;270.31595;2518.8853;1.0;20;346.6898;297.34766;2352.7925;1.0;21;349.3495;348.87256;2020.6129;1.0;23;340.61993;397.63995;2182.051;1.0
2;1342369909181;fallen;0;261.39105;307.80923;2124.9695;1.0;1;298.58682;285.80267;2269.0322;1.0;2;317.80014;288.99783;2336.0764;1.0;5;284.04816;287.00598;2335.4011;1.0;6;226.29709;298.76715;2387.8674;1.0;8;188.41202;324.0415;2169.9539;1.0;11;314.00162;284.5269;2202.6633;1.0;12;403.0862;278.41104;2416.2468;1.0;14;442.73215;264.61307;2624.1882;1.0;16;328.667;292.49347;2435.3936;1.0;17;337.8918;365.0103;1911.8933;1.0;19;240.0233;305.07742;2379.126;1.0;20;343.41382;291.52286;2370.848;1.0;21;346.82104;362.0348;1956.9232;1.0;23;333.50012;400.9885;2209.2197;1.0
2;1342369909255;fallen;0;263.7249;294.32602;2159.2195;1.0;1;308.30453;279.56717;2295.8806;1.0;2;324.09793;285.05588;2366.75;1.0;5;296.01944;277.3477;2343.7625;1.0;6;231.43983;298.76175;2372.2412;1.0;8;190.75711;314.28632;2193.1401;1.0;11;321.11298;281.88116;2247.999;1.0;12;388.97565;283.09473;2392.9788;1.0;14;438.0809;264.32022;2611.708;1.0;16;331.4294;288.80154;2467.0657;1.0;17;342.85907;365.5379;1887.3093;1.0;19;242.81923;317.0604;2339.4143;1.0;20;346.70105;291.68423;2408.1729;1.0;21;345.88806;355.1272;1982.273;1.0;23;330.09024;401.00195;2211.2278;1.0
2;1342369909324;fallen;0;385.84567;250.89209;2542.4924;1.0;1;318.31747;275.69815;2336.8347;1.0;2;328.53552;283.13098;2386.465;1.0;5;295.37714;285.30093;2388.501;1.0;6;234.84984;301.6727;2429.716;1.0;8;190.34564;319.18448;2237.1047;1.0;11;342.29514;265.6611;2285.1685;1.0;12;391.6115;281.18076;2341.2366;1.0;14;440.11627;260.09204;2554.4404;1.0;16;327.9165;294.4018;2459.8179;1.0;17;306.5704;342.0137;2025.6802;1.0;19;245.82721;340.84775;2252.715;1.0;20;348.96292;286.03867;2412.3728;1.0;21;347.17642;348.86075;2016.1698;1.0;23;333.72794;391.15875;2235.6306;1.0
2;1342369909409;fallen;0;295.10358;283.75552;2231.128;1.0;1;318.2012;278.80652;2310.8015;1.0;2;327.67117;284.63165;2364.454;1.0;5;292.12512;287.77945;2367.406;1.0;6;256.2048;299.95038;2481.6472;1.0;8;188.27791;317.51114;2269.8215;1.0;11;345.58685;269.38297;2254.197;1.0;12;396.75528;284.71143;2318.2017;1.0;14;446.98874;262.4108;2532.7546;1.0;16;321.61597;295.15405;2451.4934;1.0;17;294.9903;344.242;2009.2214;1.0;19;229.07446;338.85263;2220.2922;1.0;20;352.24878;285.10376;2384.7202;1.0;21;355.5258;345.52628;2020.8945;1.0;23;339.39847;389.72858;2189.6438;1.0
2;1342369909499;fallen;0;319.07965;233.68695;2140.4497;1.0;1;314.3845;281.91287;2298.2522;1.0;2;326.0183;286.5883;2359.6404;1.0;5;294.7818;280.06058;2361.527;1.0;6;257.10928;289.58353;2459.4192;1.0;8;189.0378;310.12308;2251.1401;1.0;11;335.09714;283.87003;2234.9773;1.0;12;375.86523;296.85498;2292.62;1.0;14;437.39404;268.1328;2570.4438;1.0;16;319.78998;289.2349;2477.7666;1.0;17;258.41434;326.49896;2062.5835;1.0;19;167.8387;302.62457;2164.9036;1.0;20;355.1633;292.90427;2364.2908;1.0;21;361.315;362.63974;2070.137;1.0;23;341.4924;387.11087;2254.949;1.0
2;1342369909570;fallen;0;382.51755;257.4412;2547.431;1.0;1;312.76773;282.14932;2306.674;1.0;2;327.3123;284.13895;2378.02;1.0;5;296.14008;280.6234;2364.2815;1.0;6;259.1215;292.6775;2441.7285;1.0;8;191.53395;310.46454;2233.9475;1.0;11;330.24716;283.75342;2249.0664;1.0;12;360.39377;297.24286;2288.1748;1.0;14;377.4602;275.6969;2491.1626;1.0;16;326.34164;284.64035;2500.9858;1.0;17;286.7159;320.5866;2171.1323;1.0;19;253.84158;285.78552;2266.7883;1.0;20;356.30893;287.4441;2397.746;1.0;21;342.35233;337.08664;2075.26;1.0;23;323.94232;385.99005;2225.419;1.0
2;1342369909639;fallen;0;370.0693;261.31693;2500.083;1.0;1;313.57477;284.81833;2328.7646;1.0;2;326.14194;289.78433;2369.0283;1.0;5;301.49896;279.30637;2404.0527;1.0;6;263.67682;285.97974;2462.4355;1.0;8;196.48177;304.23822;2249.518;1.0;11;326.4575;290.69864;2253.4766;1.0;12;362.68814;301.7642;2290.3396;1.0;14;456.29062;266.83798;2665.94;1.0;16;320.62073;286.5849;2517.7063;1.0;17;400.22134;277.42462;2624.2986;1.0;19;251.90517;306.265;2237.0522;1.0;20;357.62234;303.33762;2300.8777;1.0;21;354.21906;345.60455;2061.1052;1.0;23;332.0668;386.03293;2225.4563;1.0
2;1342369909740;fallen;0;264.17838;301.24683;2143.1433;1.0;1;315.6558;278.82117;2356.8145;1.0;2;326.23315;283.91922;2387.749;1.0;5;303.88153;273.1874;2441.7717;1.0;6;265.22073;290.17453;2478.1143;1.0;8;197.77498;306.305;2265.301;1.0;11;328.31067;284.87625;2271.8572;1.0;12;407.18896;287.23465;2391.2415;1.0;14;458.50253;263.5876;2647.5183;1.0;16;320.6182;281.26538;2530.8362;1.0;17;398.981;272.81796;2620.6936;1.0;19;324.6392;286.16748;2369.347;1.0;20;354.01007;297.2495;2306.531;1.0;21;373.48706;356.19983;1957.5542;1.0;23;339.56824;392.30615;2165.189;1.0
2;1342369909827;fallen;0;269.2244;295.75644;2151.7354;1.0;1;314.8886;277.30524;2368.4502;1.0;2;329.0858;287.40222;2383.3223;1.0;5;310.08414;273.72897;2477.6707;1.0;6;275.07767;294.37183;2493.798;1.0;8;221.64278;279.47147;2489.699;1.0;11;320.15762;281.2273;2259.23;1.0;12;398.515;286.71066;2352.7751;1.0;14;421.31772;268.39972;2465.845;1.0;16;334.14423;290.76364;2565.796;1.0;17;412.56888;280.71896;2652.2593;1.0;19;367.9616;291.63425;2460.9355;1.0;20;353.41638;304.97766;2230.5925;1.0;21;354.08295;342.37268;1942.9412;1.0;23;325.52792;388.8949;2110.3108;1.0
2;1342369909909;fallen;0;380.83936;249.17873;2415.2202;1.0;1;315.78604;277.99664;2376.718;1.0;2;328.3798;287.59738;2385.7336;1.0;5;312.05698;275.3544;2492.0193;1.0;6;278.01535;290.49335;2517.4048;1.0;8;226.43784;275.68994;2513.9443;1.0;11;319.8954;280.90826;2261.4167;1.0;12;396.2005;289.5199;2330.5613;1.0;14;439.53564;261.71146;2535.8022;1.0;16;333.5909;291.86902;2572.1084;1.0;17;410.63556;282.8165;2646.204;1.0;19;389.43692;288.62296;2523.3438;1.0;20;349.3324;303.2236;2217.39;1.0;21;354.49487;340.81485;1941.1187;1.0;23;326.0541;384.68573;2146.729;1.0
2;1342369909982;fallen;0;388.50854;256.56003;2553.661;1.0;1;329.14142;282.98962;2369.9788;1.0;2;335.07434;291.23077;2387.8228;1.0;5;322.02295;274.56686;2467.6736;1.0;6;263.94803;277.7949;2555.6155;1.0;8;208.69688;270.20007;2473.7654;1.0;11;336.87198;292.13663;2272.2837;1.0;12;411.84622;301.75583;2328.6072;1.0;14;453.62744;275.86194;2532.9448;1.0;16;328.2658;284.21768;2575.7896;1.0;17;406.2656;276.51602;2638.629;1.0;19;402.07208;277.10193;2559.017;1.0;20;355.49854;316.7847;2235.5442;1.0;21;358.7171;354.41183;1850.3921;1.0;23;338.071;388.64752;2194.3162;1.0
2;1342369910358;fallen;0;390.67188;254.46936;2570.1274;1.0;1;311.47574;279.08057;2389.8738;1.0;2;328.28836;279.81824;2426.9714;1.0;5;299.90698;277.60938;2487.2832;1.0;6;247.95322;283.063;2520.6597;1.0;8;220.85013;214.05867;2347.744;1.0;11;324.02762;280.6768;2292.464;1.0;12;378.64243;295.60803;2325.3816;1.0;14;426.76376;267.37207;2468.2966;1.0;16;330.78833;278.89386;2572.1677;1.0;17;404.148;273.59222;2613.8809;1.0;19;433.05966;268.1427;2609.1113;1.0;20;359.66815;282.324;2355.9705;1.0;21;359.07986;347.2118;2037.0392;1.0;23;342.6631;394.85947;2330.6716;1.0
2;1342369910451;fallen;0;390.04883;255.39209;2572.0576;1.0;1;305.33008;276.7147;2393.568;1.0;2;323.23114;279.06918;2422.1511;1.0;5;295.21353;276.7265;2513.6016;1.0;6;246.2424;278.16827;2565.6353;1.0;8;233.58313;212.10698;2372.4954;1.0;11;316.51483;276.70163;2273.5347;1.0;12;375.6326;288.3991;2291.207;1.0;14;439.5482;267.17862;2493.8618;1.0;16;330.4149;281.18518;2557.2705;1.0;17;243.60037;314.58817;2006.7048;1.0;19;412.88284;270.79755;2593.8862;1.0;20;351.95062;281.56903;2344.1978;1.0;21;351.7761;340.89896;2026.1521;1.0;23;337.67822;403.23938;2259.3064;1.0
2;1342369913891;fallen;0;391.73892;255.91328;2577.1504;1.0;1;332.51456;274.1533;2435.1243;1.0;2;327.21774;290.40054;2366.9966;1.0;5;317.0128;270.60083;2444.1206;1.0;6;252.29616;267.7147;2310.7468;1.0;8;250.21358;305.6641;2103.2417;1.0;11;348.13132;277.7321;2426.1282;1.0;12;410.5741;291.0504;2463.081;1.0;14;461.61948;261.93912;2719.5796;1.0;16;293.91406;301.0275;2314.1248;1.0;17;239.1094;353.08295;1950.8502;1.0;19;255.32767;334.4861;2032.6528;1.0;20;349.66992;314.282;2283.6128;1.0;21;351.32092;367.86908;1847.2286;1.0;23;346.89606;384.47894;2290.3455;1.0
2;1342369913993;fallen;0;391.97485;255.92093;2575.2656;1.0;1;330.32715;269.69583;2423.1887;1.0;2;325.1905;282.97;2380.959;1.0;5;313.3201;263.14798;2426.2473;1.0;6;249.85406;265.08054;2309.8833;1.0;8;258.41122;305.71515;2110.4094;1.0;11;347.3772;276.26025;2420.13;1.0;12;408.0795;291.81357;2464.5012;1.0;14;454.25882;266.8999;2687.9072;1.0;16;307.71555;292.0166;2340.8396;1.0;17;250.0778;327.71698;2026.2008;1.0;19;280.28162;327.10205;2128.6853;1.0;20;332.04303;301.43896;2336.619;1.0;21;345.30548;357.2346;1996.9851;1.0;23;320.3422;398.2636;1819.051;1.0
2;1342369914071;fallen;0;388.0424;250.81232;2561.7786;1.0;1;326.9724;268.1196;2415.5981;1.0;2;323.93106;284.93875;2367.313;1.0;5;307.99557;264.01773;2413.2246;1.0;6;250.63399;269.4194;2321.0942;1.0;8;241.74141;308.95438;2098.3535;1.0;11;345.912;272.21344;2417.972;1.0;12;405.81863;283.80157;2455.1829;1.0;14;450.7078;260.69928;2691.0603;1.0;16;305.32718;299.1503;2317.1746;1.0;17;247.45866;337.92914;1990.6945;1.0;19;276.4949;330.56363;2095.5396;1.0;20;336.17432;305.76096;2320.881;1.0;21;355.59607;339.46634;2089.0273;1.0;23;348.80997;370.06223;1952.3956;1.0
2;1342369914137;fallen;0;385.26584;248.20476;2541.6392;1.0;1;320.22354;262.93124;2417.7556;1.0;2;314.76752;281.5576;2343.067;1.0;5;300.33902;254.11172;2406.1047;1.0;6;248.41379;269.21347;2319.0017;1.0;8;260.0203;316.64084;2101.408;1.0;11;339.91733;271.6662;2429.4067;1.0;12;405.06967;283.79825;2460.4966;1.0;14;444.0496;259.2682;2634.6917;1.0;16;284.53897;290.8401;2255.0085;1.0;17;334.35114;373.79022;2005.5754;1.0;19;314.11597;394.51398;2079.3333;1.0;20;333.07928;311.85703;2281.7476;1.0;21;385.53094;303.71725;2358.5784;1.0;23;359.92764;365.15082;2056.4336;1.0
2;1342369914364;fallen;0;394.22934;253.78027;2583.6262;1.0;1;307.94415;250.30191;2413.2627;1.0;2;310.2136;271.02203;2343.7876;1.0;5;274.05762;243.34578;2356.838;1.0;6;245.46233;283.69336;2275.187;1.0;8;254.868;331.8635;2080.0876;1.0;11;340.2823;256.9402;2469.6875;1.0;12;406.24033;273.34296;2503.187;1.0;14;454.4423;252.2482;2722.7249;1.0;16;301.39984;291.0366;2256.3643;1.0;17;350.09592;359.13968;1869.7792;1.0;19;309.5164;406.45197;2028.7998;1.0;20;323.6677;294.94873;2292.2607;1.0;21;345.2032;361.61517;1998.7366;1.0;23;359.09744;376.50143;2187.4685;1.0
2;1342369914436;fallen;0;393.32977;255.11119;2577.0884;1.0;1;309.0404;250.39716;2412.956;1.0;2;313.04745;270.81598;2344.1448;1.0;5;275.67062;243.80093;2345.0571;1.0;6;246.06747;283.25574;2269.2139;1.0;8;255.55963;333.24646;2073.0815;1.0;11;340.58353;256.63232;2480.855;1.0;12;406.18256;273.23688;2510.5474;1.0;14;457.26035;248.17734;2763.932;1.0;16;307.6796;290.90866;2256.3691;1.0;17;348.67307;355.86865;1869.8279;1.0;19;306.7465;405.0365;2040.6433;1.0;20;326.75513;294.00516;2294.298;1.0;21;345.64764;365.45654;1986.5077;1.0;23;358.01764;381.2903;2205.795;1.0
2;1342369914518;fallen;0;391.93304;255.90239;2576.6118;1.0;1;310.3619;248.16939;2413.4795;1.0;2;315.6961;270.20654;2349.38;1.0;5;277.11475;243.25803;2336.6824;1.0;6;245.2625;287.29083;2269.278;1.0;8;254.0304;338.11096;2074.7966;1.0;11;341.55847;252.77782;2490.2766;1.0;12;408.42114;269.05917;2513.222;1.0;14;461.6792;247.74147;2775.5742;1.0;16;307.88187;292.0806;2254.9753;1.0;17;352.4193;358.96286;1848.0068;1.0;19;308.90942;411.32068;2036.4629;1.0;20;334.4252;294.8427;2315.5852;1.0;21;342.95627;359.94278;2005.8413;1.0;23;350.47552;382.2343;2239.588;1.0
2;1342369914622;fallen;0;390.7713;256.36914;2574.4324;1.0;1;309.72403;248.46039;2417.222;1.0;2;315.72702;270.13303;2350.056;1.0;5;277.5191;243.24805;2338.6426;1.0;6;246.88751;286.2769;2269.1265;1.0;8;251.95554;334.5328;2067.7915;1.0;11;339.90103;253.3445;2495.8015;1.0;12;406.4565;269.9421;2513.163;1.0;14;459.93713;246.137;2778.677;1.0;16;309.08786;291.56305;2251.9578;1.0;17;352.95078;358.41757;1849.6414;1.0;19;309.88773;414.1638;2029.8882;1.0;20;334.73114;294.55823;2313.8218;1.0;21;342.34036;359.03082;2010.361;1.0;23;351.79413;383.4261;2226.9795;1.0
2;1342369914701;fallen;0;390.05508;256.48676;2571.5977;1.0;1;321.12976;265.21075;2416.139;1.0;2;318.49704;281.0654;2332.2334;1.0;5;296.93802;263.19128;2423.3718;1.0;6;244.92752;272.05103;2367.0134;1.0;8;252.42831;314.49585;2158.0833;1.0;11;345.4668;267.24237;2408.906;1.0;12;414.38498;284.1683;2417.2495;1.0;14;466.0296;260.19687;2663.8928;1.0;16;296.96634;296.4652;2253.531;1.0;17;343.34668;357.30783;1869.2301;1.0;19;302.49335;409.4792;2019.0654;1.0;20;334.45602;299.74915;2243.1248;1.0;21;352.2888;368.8075;1981.9043;1.0;23;354.2086;390.8761;2204.078;1.0
2;1342369914794;fallen;0;388.57562;256.29614;2569.3809;1.0;1;320.3497;265.27808;2420.9807;1.0;2;319.38773;283.107;2331.0164;1.0;5;295.84125;267.21518;2432.099;1.0;6;246.36209;279.3505;2367.8047;1.0;8;256.526;324.73782;2179.6206;1.0;11;345.0843;263.3231;2409.8623;1.0;12;413.9006;279.63412;2412.1802;1.0;14;465.5468;254.77625;2644.967;1.0;16;295.99817;303.97986;2250.4375;1.0;17;339.78284;350.54364;1854.3536;1.0;19;297.47742;405.83533;2015.298;1.0;20;340.88684;300.74127;2231.6665;1.0;21;356.42245;370.93115;1993.654;1.0;23;354.72272;399.68555;2155.6304;1.0
2;1342369914865;fallen;0;388.5216;256.39862;2568.1091;1.0;1;319.7676;265.07742;2423.0132;1.0;2;319.57397;282.53748;2342.5737;1.0;5;294.69562;266.5159;2429.332;1.0;6;245.40526;278.22327;2363.827;1.0;8;252.04478;322.50598;2167.979;1.0;11;344.9707;263.63138;2416.6943;1.0;12;413.8906;279.69888;2416.9778;1.0;14;465.76974;255.62784;2652.1357;1.0;16;296.37372;302.4723;2267.5435;1.0;17;338.21182;345.12082;1864.2917;1.0;19;296.53787;399.12503;2023.3115;1.0;20;342.4697;300.0004;2256.725;1.0;21;364.43295;373.547;2094.5613;1.0;23;344.1685;417.6583;1725.6432;1.0
2;1342369914999;fallen;0;392.76062;255.87495;2583.497;1.0;1;320.49905;262.19235;2417.6367;1.0;2;319.93802;279.00922;2340.5042;1.0;5;294.29593;259.6298;2411.6843;1.0;6;244.66196;275.40274;2346.902;1.0;8;241.32913;325.2754;2139.431;1.0;11;346.5735;264.74228;2423.5894;1.0;12;413.54385;282.4938;2430.8972;1.0;14;458.3728;263.3347;2603.654;1.0;16;299.0367;295.05353;2259.052;1.0;17;297.69156;333.5447;1877.7764;1.0;19;259.71402;266.24847;2401.9692;1.0;20;339.5635;298.88367;2267.691;1.0;21;350.65958;357.78647;2090.071;1.0;23;356.15686;422.47916;2152.248;1.0
2;1342369915073;fallen;0;392.68777;255.9835;2577.6711;1.0;1;320.52625;258.18604;2407.3816;1.0;2;320.82504;282.96582;2345.2473;1.0;5;294.5577;252.0752;2363.2239;1.0;6;243.60744;278.86557;2304.1826;1.0;8;250.43323;322.0434;2108.1433;1.0;11;345.5593;264.07672;2451.5393;1.0;12;410.24277;282.67383;2469.4053;1.0;14;454.44193;263.78113;2661.3909;1.0;16;296.88354;304.2728;2243.9314;1.0;17;350.7831;378.14127;1845.786;1.0;19;268.7479;315.75226;2272.064;1.0;20;344.57812;313.75323;2322.295;1.0;21;347.0546;343.04623;2079.9917;1.0;23;349.92767;400.14163;2174.3218;1.0
2;1342369915138;fallen;0;391.63632;256.13956;2573.3806;1.0;1;320.51248;255.62608;2399.29;1.0;2;321.0172;281.8016;2341.2598;1.0;5;293.73038;250.10739;2352.4817;1.0;6;243.53358;279.52805;2302.9836;1.0;8;255.3883;324.0684;2128.4365;1.0;11;346.2696;260.9336;2446.0984;1.0;12;410.7448;280.83493;2472.88;1.0;14;461.7356;254.49384;2729.8933;1.0;16;295.507;304.97702;2239.8625;1.0;17;349.4126;382.37057;1846.1566;1.0;19;271.7605;337.06976;2253.5356;1.0;20;346.61743;313.47693;2326.5964;1.0;21;345.88742;338.4282;2087.414;1.0;23;345.0453;376.81143;2416.831;1.0
2;1342369915393;fallen;0;389.96408;256.41504;2559.9443;1.0;1;327.50092;268.18094;2418.131;1.0;2;321.51587;281.17758;2355.6064;1.0;5;314.34195;263.76382;2425.913;1.0;6;265.0101;266.75085;2447.1594;1.0;8;241.72792;293.76154;2103.9915;1.0;11;340.74484;272.6266;2410.349;1.0;12;401.697;290.4675;2469.2634;1.0;14;439.4507;273.6815;2621.9275;1.0;16;274.03534;280.75323;2316.3994;1.0;17;240.96823;350.8881;1942.3203;1.0;19;238.74947;290.9653;2408.5315;1.0;20;357.21948;309.30298;2269.7642;1.0;21;359.48273;337.80017;2015.8446;1.0;23;353.55884;374.44965;2409.4102;1.0
2;1342369915467;fallen;0;389.15472;256.62726;2558.0544;1.0;1;326.1272;268.07193;2418.5913;1.0;2;326.4973;283.1319;2356.9963;1.0;5;311.1955;267.83725;2416.6904;1.0;6;264.08084;271.76367;2445.25;1.0;8;240.07974;303.29996;2098.7927;1.0;11;341.03543;268.3062;2420.4924;1.0;12;403.14203;283.34753;2475.519;1.0;14;426.68204;258.5527;2600.432;1.0;16;290.02185;298.48077;2290.9521;1.0;17;221.59186;364.16043;1886.092;1.0;19;447.87454;280.67456;2567.728;1.0;20;363.61014;299.5175;2299.8506;1.0;21;367.35934;327.25363;2063.3333;1.0;23;355.3812;372.54773;2449.6626;1.0
2;1342369915546;fallen;0;389.70078;256.05914;2561.559;1.0;1;324.9978;266.4299;2423.6807;1.0;2;320.92844;279.6884;2336.4678;1.0;5;312.06198;259.17606;2416.8813;1.0;6;268.99774;267.3623;2490.1653;1.0;8;240.33432;294.56326;2107.9512;1.0;11;337.86124;273.64316;2430.48;1.0;12;401.62622;286.6283;2465.514;1.0;14;443.77234;269.5728;2642.231;1.0;16;292.5204;280.6723;2237.586;1.0;17;235.57632;339.29834;1948.3844;1.0;19;430.60947;290.48755;2536.4675;1.0;20;340.3186;307.1404;2260.9238;1.0;21;349.95367;350.8903;1986.4297;1.0;23;336.78668;399.2307;2383.1243;1.0
2;1342369915632;fallen;0;389.55887;255.89893;2558.6992;1.0;1;327.55527;266.3607;2428.947;1.0;2;319.60312;278.9765;2336.4062;1.0;5;317.52246;259.3145;2429.1824;1.0;6;286.23764;275.46396;2586.894;1.0;8;239.64226;294.0715;2119.3733;1.0;11;337.58997;273.40823;2428.712;1.0;12;402.14423;285.66187;2454.2285;1.0;14;456.32224;265.20798;2698.881;1.0;16;286.33353;275.30377;2244.3997;1.0;17;236.73337;337.74432;1946.5922;1.0;19;409.57663;286.91934;2540.532;1.0;20;335.6683;309.97037;2243.3313;1.0;21;354.1926;370.12253;1867.913;1.0;23;336.7084;397.83237;2331.5598;1.0
2;1342369915691;fallen;0;388.65677;254.37694;2590.0056;1.0;1;296.15533;215.84903;2488.1077;1.0;2;305.41037;246.92491;2417.4368;1.0;5;238.1054;213.80159;2347.079;1.0;6;226.06616;268.22607;2559.1082;1.0;8;217.27661;250.90875;2288.2512;1.0;11;347.9776;217.67682;2629.1362;1.0;12;400.17145;232.96468;2669.957;1.0;14;370.029;225.23659;2894.8586;1.0;16;292.00388;280.6067;2290.6057;1.0;17;245.83852;350.25256;1928.5862;1.0;19;412.06802;309.60678;2523.8433;1.0;20;337.35645;279.1725;2402.926;1.0;21;339.4024;333.16266;2022.2205;1.0;23;282.75375;365.1401;1690.019;1.0
2;1342369916755;fallen;0;285.80872;252.61787;2266.5952;1.0;1;312.24188;268.7561;2314.9917;1.0;2;317.6603;274.7445;2389.8232;1.0;5;310.7414;259.46588;2330.8618;1.0;6;271.1368;252.89552;2273.4573;1.0;8;276.1681;272.67984;2182.8623;1.0;11;313.7631;278.17462;2299.1213;1.0;12;354.77628;307.10013;2179.6892;1.0;14;371.72684;331.78577;2066.5166;1.0;16;319.86087;263.152;2495.883;1.0;17;294.29404;287.42984;2111.5696;1.0;19;309.64478;304.64404;2100.4316;1.0;20;325.71265;298.0284;2433.4265;1.0;21;377.76776;377.3347;2339.2178;1.0;23;462.23013;310.64886;1915.9293;1.0
2;1342369916826;fallen;0;279.08813;245.57326;2207.2478;1.0;1;306.2343;271.8365;2309.3047;1.0;2;316.718;276.2991;2391.2537;1.0;5;300.404;263.1179;2331.1392;1.0;6;263.6805;253.4282;2263.6482;1.0;8;283.10312;302.26932;2251.963;1.0;11;312.176;280.72153;2287.4705;1.0;12;334.29977;297.39;2264.4004;1.0;14;339.6827;281.46042;2249.049;1.0;16;316.2157;265.42392;2513.446;1.0;17;308.62933;287.86258;2113.3557;1.0;19;324.56583;314.54074;2101.1978;1.0;20;337.13858;296.00568;2432.9592;1.0;21;389.62286;371.28442;2370.4595;1.0;23;473.61157;307.7648;1904.3556;1.0
2;1342369916912;fallen;0;278.52707;243.39949;2204.071;1.0;1;304.30493;273.2146;2306.608;1.0;2;316.6823;276.71082;2394.4065;1.0;5;297.1495;264.2001;2331.004;1.0;6;261.14856;250.94475;2253.3865;1.0;8;275.9656;264.16168;2164.5093;1.0;11;311.61334;282.42184;2282.2117;1.0;12;340.29797;299.6874;2248.3667;1.0;14;315.509;286.05637;2259.036;1.0;16;316.56946;265.71054;2523.6304;1.0;17;315.18356;287.782;2114.6086;1.0;19;323.148;319.73105;2131.1985;1.0;20;340.193;294.69257;2440.78;1.0;21;432.64844;329.02185;2391.562;1.0;23;483.9119;318.3756;1857.6023;1.0
2;1342369916985;fallen;0;276.1612;243.52129;2199.189;1.0;1;298.6113;270.48428;2315.6323;1.0;2;316.73373;275.77252;2400.1814;1.0;5;292.60895;264.0864;2345.1882;1.0;6;260.63507;250.18619;2246.5845;1.0;8;265.26877;263.6438;2178.6956;1.0;11;304.7689;277.0476;2286.0764;1.0;12;331.92575;292.1702;2273.5889;1.0;14;238.50055;178.41689;2687.685;1.0;16;320.63998;267.5507;2549.4685;1.0;17;322.5976;296.24728;2119.4785;1.0;19;323.31342;319.8946;2110.744;1.0;20;347.30035;294.5546;2419.9927;1.0;21;433.9363;331.42932;2396.9565;1.0;23;493.01202;336.2982;1787.5431;1.0
2;1342369917050;fallen;0;271.67374;242.36798;2198.9458;1.0;1;296.53973;268.6798;2322.5442;1.0;2;320.80872;277.32648;2391.2932;1.0;5;291.6518;264.00995;2363.308;1.0;6;262.2681;249.80995;2248.4636;1.0;8;287.5212;257.36295;2175.455;1.0;11;301.6023;273.51654;2281.7803;1.0;12;320.22415;283.44144;2300.5378;1.0;14;246.61697;178.98743;2695.3308;1.0;16;329.62497;273.22778;2569.6199;1.0;17;331.74747;313.43106;2117.1738;1.0;19;322.06442;324.25598;2157.2134;1.0;20;359.1319;298.89526;2350.4646;1.0;21;424.5401;330.18973;2393.1472;1.0;23;467.3045;349.62292;1864.5559;1.0
2;1342369919516;fallen;0;339.98;267.56277;2344.315;1.0;1;370.4458;268.40674;2494.5251;1.0;2;362.41513;278.6865;2507.7964;1.0;5;377.19388;263.55664;2659.5815;1.0;6;413.88156;263.1962;2783.8574;1.0;8;446.25873;254.67772;2998.9897;1.0;11;362.74142;273.94415;2329.4685;1.0;12;364.3575;302.29382;2230.625;1.0;14;374.1898;256.49652;2342.8738;1.0;16;360.16885;284.35144;2641.8113;1.0;17;390.41794;318.41373;2097.7383;1.0;19;495.5404;388.5604;1777.9434;1.0;20;348.19574;293.81796;2400.3242;1.0;21;344.65567;309.3605;1959.6564;1.0;23;420.61865;381.57672;1589.2214;1.0
2;1342369919731;fallen;0;410.2449;254.18054;2576.6948;1.0;1;369.94168;268.78796;2499.1677;1.0;2;344.18518;282.0359;2427.5059;1.0;5;354.53156;239.45242;2512.1877;1.0;6;384.74658;243.8385;2629.9824;1.0;8;182.6427;200.86104;2617.396;1.0;11;385.5132;298.4308;2486.1477;1.0;12;461.9974;309.5071;2525.344;1.0;14;496.72855;286.24194;2695.4727;1.0;16;299.06387;261.42664;2370.29;1.0;17;345.65137;304.64716;2049.265;1.0;19;237.96638;290.5833;2210.685;1.0;20;334.87915;331.18063;2341.3982;1.0;21;341.99847;341.56662;1996.9099;1.0;23;398.56613;417.44275;1617.8354;1.0
2;1342369919951;fallen;0;403.92532;254.24881;2571.4941;1.0;1;370.417;268.33447;2498.4724;1.0;2;344.01602;279.2641;2404.4329;1.0;5;360.31592;247.09386;2512.348;1.0;6;379.494;250.97014;2638.2363;1.0;8;205.80814;261.3527;2550.522;1.0;11;380.63086;289.8123;2484.5972;1.0;12;447.29697;303.6598;2507.3489;1.0;14;489.4451;274.5042;2739.3538;1.0;16;299.502;256.27005;2331.3726;1.0;17;354.12033;304.90323;2054.2964;1.0;19;257.2337;297.13983;2157.62;1.0;20;331.72232;326.53497;2289.4138;1.0;21;346.3082;366.07095;1885.6755;1.0;23;376.11932;422.2255;1711.248;1.0
2;1342369920271;fallen;0;399.68527;254.48401;2570.8613;1.0;1;368.6916;268.9565;2474.7534;1.0;2;342.95795;283.72256;2371.752;1.0;5;357.26746;258.2355;2502.9888;1.0;6;369.1681;263.11942;2632.8877;1.0;8;212.20807;296.06992;2106.2395;1.0;11;380.37943;279.92502;2446.5178;1.0;12;440.83725;293.27835;2496.588;1.0;14;474.10944;277.67126;2649.2964;1.0;16;285.03864;269.28458;2341.6414;1.0;17;335.41083;318.6976;2049.835;1.0;19;258.51877;310.50232;2169.8691;1.0;20;346.71844;332.40192;2195.8599;1.0;21;350.19946;373.7492;1804.4366;1.0;23;394.74414;401.5784;1769.359;1.0
2;1342369920711;fallen;0;393.5939;250.62646;2573.3162;1.0;1;366.281;268.72943;2485.912;1.0;2;358.47687;281.5997;2458.5918;1.0;5;363.04697;270.43158;2518.69;1.0;6;367.6834;278.99957;2656.5884;1.0;8;423.97104;258.36203;2980.169;1.0;11;369.60147;266.9818;2453.134;1.0;12;425.89493;278.37604;2481.0872;1.0;14;467.04224;254.14848;2709.0076;1.0;16;335.22592;301.63394;2602.0178;1.0;17;297.43146;363.26785;2055.1194;1.0;19;254.38751;364.04285;2217.571;1.0;20;368.07578;286.84598;2260.5254;1.0;21;368.8531;336.35464;1897.601;1.0;23;398.06726;360.57114;1868.2118;1.0
2;1342369920926;fallen;0;395.35034;252.54105;2588.597;1.0;1;371.52966;272.50125;2478.771;1.0;2;362.49628;284.55237;2449.207;1.0;5;365.80316;275.80435;2536.5085;1.0;6;354.02838;280.71497;2664.7004;1.0;8;398.8765;261.7395;2908.2732;1.0;11;377.52927;269.0406;2421.0337;1.0;12;435.7343;280.6721;2446.0752;1.0;14;469.1061;263.1061;2615.6973;1.0;16;336.88275;305.36316;2602.1184;1.0;17;300.57245;370.15906;2052.5938;1.0;19;267.0125;376.50668;2157.1562;1.0;20;372.2703;287.05188;2237.1677;1.0;21;358.94666;355.29608;2392.0254;1.0;23;338.3248;329.66525;1755.9048;1.0
2;1342369921169;fallen;0;293.26123;291.17728;2322.4268;1.0;1;352.66498;282.51218;2421.6565;1.0;2;351.59424;289.46317;2432.1309;1.0;5;350.85382;273.1814;2517.6987;1.0;6;354.63013;262.44022;2739.859;1.0;8;276.59247;269.33688;2337.0007;1.0;11;354.62576;292.61365;2325.614;1.0;12;417.37555;305.94052;2342.266;1.0;14;454.14297;284.8357;2553.7673;1.0;16;347.51813;279.1739;2616.546;1.0;17;333.07294;349.52325;2044.7982;1.0;19;288.29437;362.51657;2207.617;1.0;20;354.0094;316.16965;2268.6648;1.0;21;344.3465;378.6797;2327.7673;1.0;23;333.8413;380.3491;1819.6459;1.0
2;1342369921378;fallen;0;404.81314;255.38074;2545.0024;1.0;1;351.57925;281.636;2421.5007;1.0;2;351.75818;289.05896;2432.742;1.0;5;349.54007;272.2381;2519.3672;1.0;6;346.89844;263.3339;2724.0334;1.0;8;259.837;287.33392;2275.3848;1.0;11;353.7902;291.82553;2323.634;1.0;12;417.0432;305.67416;2336.884;1.0;14;468.7212;278.06247;2588.4539;1.0;16;348.42123;279.34412;2618.07;1.0;17;344.6021;355.9097;2041.8369;1.0;19;286.79578;374.10187;2177.6035;1.0;20;355.9888;316.10144;2269.8962;1.0;21;347.2759;373.0141;2279.044;1.0;23;328.29172;383.2099;1858.2859;1.0
2;1342369921596;fallen;0;403.2819;254.17392;2547.1067;1.0;1;348.7332;278.8995;2416.5676;1.0;2;349.85007;285.97327;2421.75;1.0;5;347.95862;272.97925;2523.465;1.0;6;343.294;268.33066;2714.2544;1.0;8;264.71228;291.599;2288.6404;1.0;11;349.57947;285.36777;2309.6702;1.0;12;413.4848;299.98016;2318.4048;1.0;14;460.0258;271.4866;2549.6328;1.0;16;349.4608;281.75516;2618.5803;1.0;17;344.75394;359.88257;2046.933;1.0;19;284.9064;384.85382;2156.4783;1.0;20;352.72098;306.20953;2235.2844;1.0;21;365.65033;361.49533;1778.823;1.0;23;323.70807;382.1648;1892.9115;1.0
2;1342369921808;fallen;0;398.98718;255.11038;2550.4124;1.0;1;341.69516;277.72015;2437.2537;1.0;2;348.4926;283.33707;2446.9001;1.0;5;336.6783;271.872;2540.8489;1.0;6;328.8397;267.82977;2661.371;1.0;8;260.7827;289.79492;2295.2178;1.0;11;347.1574;284.08752;2333.6584;1.0;12;410.97455;295.0093;2333.9573;1.0;14;450.6346;278.96347;2478.8865;1.0;16;346.87668;279.4459;2616.7043;1.0;17;340.79922;358.95367;2039.0326;1.0;19;281.22864;391.19714;2121.6223;1.0;20;364.76276;299.694;2296.3887;1.0;21;382.02344;354.56528;1935.299;1.0;23;329.4051;374.70273;2023.8217;1.0
2;1342369922023;fallen;0;399.37564;254.71092;2553.3857;1.0;1;340.89667;277.84714;2445.6616;1.0;2;339.66034;277.46338;2460.7966;1.0;5;363.28943;285.2078;2477.603;1.0;6;350.3954;278.92233;2576.0896;1.0;8;287.86697;300.69168;2244.8186;1.0;11;317.91122;270.29166;2413.7205;1.0;12;378.98874;280.1845;2407.192;1.0;14;431.50378;254.4854;2532.513;1.0;16;370.6949;287.6862;2522.713;1.0;17;368.52008;374.37802;1949.4712;1.0;19;310.39777;415.60516;1976.8528;1.0;20;304.941;266.07413;2429.1501;1.0;21;343.87833;334.08554;2045.0419;1.0;23;323.46283;367.18622;2385.5024;1.0
2;1342369922248;fallen;0;292.04385;233.79814;2610.879;1.0;1;339.42612;276.45477;2463.0337;1.0;2;342.30814;275.01694;2472.9707;1.0;5;331.36716;287.6509;2535.377;1.0;6;314.66745;277.06573;2643.213;1.0;8;270.12128;273.3414;2768.6729;1.0;11;347.9728;264.581;2390.6904;1.0;12;409.86368;272.78806;2376.0085;1.0;14;472.47916;253.75536;2700.1702;1.0;16;332.08005;291.54;2601.0278;1.0;17;309.46503;371.3911;2030.624;1.0;19;329.43802;386.51736;2499.0227;1.0;20;359.5615;253.84808;2364.7878;1.0;21;380.19458;296.58;1938.4893;1.0;23;370.27188;368.60962;2246.6033;1.0
2;1342369922461;fallen;0;288.78848;236.38936;2599.523;1.0;1;339.09338;276.3687;2468.934;1.0;2;341.80603;275.12805;2477.8208;1.0;5;330.6898;285.6818;2540.1826;1.0;6;312.68634;272.60403;2648.5093;1.0;8;272.48834;273.9739;2754.6309;1.0;11;347.9964;266.50217;2397.6853;1.0;12;408.7571;272.95547;2386.188;1.0;14;470.3292;255.40448;2733.618;1.0;16;329.6974;290.12936;2613.5396;1.0;17;302.40414;369.15973;2032.7393;1.0;19;324.08752;391.85046;2374.6357;1.0;20;360.8923;255.91818;2359.8757;1.0;21;381.44745;306.737;1936.0048;1.0;23;374.90842;365.87393;2263.0962;1.0
2;1342369922794;fallen;0;291.35507;244.67525;2560.71;1.0;1;336.53714;264.04694;2487.4983;1.0;2;343.1501;270.97394;2487.1223;1.0;5;339.33078;260.42688;2562.3901;1.0;6;308.99973;257.2332;2681.1565;1.0;8;290.22928;278.8967;2710.3345;1.0;11;333.57007;267.89175;2412.6067;1.0;12;393.00513;271.26553;2424.9146;1.0;14;449.36343;251.61165;2649.135;1.0;16;354.72922;269.60193;2646.2551;1.0;17;315.70694;324.55957;2059.8381;1.0;19;334.0745;368.8282;2312.007;1.0;20;344.1204;287.34204;2327.2373;1.0;21;420.96198;289.29245;2487.106;1.0;23;363.67728;355.15244;1895.5027;1.0
2;1342369923025;fallen;0;248.4511;273.3706;2223.023;1.0;1;334.17764;265.0331;2469.6409;1.0;2;341.77606;281.68362;2441.331;1.0;5;341.4001;267.46167;2540.93;1.0;6;295.6326;314.17276;2250.301;1.0;8;299.86606;279.72324;2690.676;1.0;11;326.52582;262.46014;2398.352;1.0;12;387.4582;264.67905;2425.3076;1.0;14;447.0793;246.25911;2680.9888;1.0;16;370.1757;303.22937;2637.7583;1.0;17;338.5044;372.11874;2051.5642;1.0;19;306.26755;380.79828;1837.7231;1.0;20;324.69388;293.29517;2188.2842;1.0;21;398.7005;254.24481;2478.4497;1.0;23;352.5863;296.87613;1978.8909;1.0
2;1342369923237;fallen;0;248.65802;275.21155;2228.1924;1.0;1;330.62402;269.092;2441.125;1.0;2;341.11765;276.6864;2451.5474;1.0;5;331.04718;262.13675;2511.936;1.0;6;287.3858;308.19662;2291.9844;1.0;8;261.19135;272.12134;2283.1157;1.0;11;330.1756;276.46283;2370.314;1.0;12;388.18088;280.22513;2367.4888;1.0;14;249.17992;359.89618;1736.1191;1.0;16;351.1483;267.5769;2629.0327;1.0;17;316.4826;328.8424;2041.3046;1.0;19;285.9005;352.0313;2367.8506;1.0;20;351.95102;303.27872;2294.9067;1.0;21;418.45923;292.56833;2490.1877;1.0;23;371.04868;352.61002;1941.5105;1.0
2;1342369923449;fallen;0;251.17729;280.35123;2238.1558;1.0;1;316.97192;277.48663;2388.9492;1.0;2;336.36;274.65958;2442.0288;1.0;5;301.88867;274.8316;2489.6567;1.0;6;256.34808;293.39514;2402.0457;1.0;8;260.1804;269.01096;2368.5044;1.0;11;333.3828;280.37534;2288.2417;1.0;12;323.67596;315.31204;2004.25;1.0;14;337.18445;360.9688;1768.4119;1.0;16;338.55612;269.55838;2598.634;1.0;17;307.93817;339.93884;2127.0781;1.0;19;279.3102;359.86948;2370.562;1.0;20;372.7071;274.55447;2391.5828;1.0;21;431.2616;291.03983;2534.622;1.0;23;391.0506;333.82675;2121.8955;1.0
2;1342369923659;fallen;0;251.14531;281.34076;2240.4888;1.0;1;315.5186;279.49686;2380.166;1.0;2;335.027;275.0038;2435.5876;1.0;5;299.17874;280.92044;2489.828;1.0;6;256.72623;297.16605;2435.9543;1.0;8;259.2169;270.0909;2395.2;1.0;11;333.43683;277.93576;2270.5042;1.0;12;328.07663;311.7273;1989.0491;1.0;14;333.2786;361.18536;1732.8225;1.0;16;337.27444;272.3578;2594.9822;1.0;17;305.59082;353.15436;2114.2976;1.0;19;285.60446;362.1232;2418.1255;1.0;20;371.4883;268.92017;2387.0366;1.0;21;433.5833;288.23663;2551.1296;1.0;23;403.62228;321.38968;2188.1785;1.0
2;1342369923860;fallen;0;251.32834;282.13882;2242.0215;1.0;1;316.84814;278.8076;2377.4617;1.0;2;333.78857;273.7098;2430.6484;1.0;5;300.18884;284.45154;2485.1897;1.0;6;263.4969;307.9049;2433.0012;1.0;8;256.28027;272.53613;2414.743;1.0;11;335.08887;272.6279;2269.7334;1.0;12;341.0763;300.59036;2014.9341;1.0;14;457.56537;255.37502;2455.6802;1.0;16;332.98914;274.54343;2589.367;1.0;17;303.63202;358.81116;2089.3362;1.0;19;308.86026;347.25012;2441.0605;1.0;20;368.52777;262.6103;2378.3035;1.0;21;437.01743;285.99597;2556.9585;1.0;23;417.03333;311.2414;2248.7751;1.0
2;1342369928466;fallen;0;262.87775;268.90527;2227.5264;1.0;1;315.14066;279.08197;2385.5305;1.0;2;343.3468;277.6302;2459.458;1.0;5;302.72644;271.7711;2472.744;1.0;6;271.25732;282.61752;2387.77;1.0;8;260.4548;274.7425;2161.721;1.0;11;328.497;286.94772;2298.3171;1.0;12;389.33273;269.30954;2387.2573;1.0;14;411.26447;242.89478;2825.217;1.0;16;354.7285;268.63315;2631.5876;1.0;17;338.2411;333.99246;2119.873;1.0;19;252.85487;278.81958;2037.3066;1.0;20;386.3093;284.50848;2435.1833;1.0;21;380.0968;351.52313;2189.509;1.0;23;408.92023;297.19415;2396.9373;1.0
2;1342369928736;fallen;0;263.634;269.52283;2217.3398;1.0;1;313.6084;278.64462;2398.0398;1.0;2;338.9729;282.98193;2450.2847;1.0;5;305.74734;269.55386;2483.7363;1.0;6;273.55017;283.48203;2266.1663;1.0;8;284.32858;269.8525;2266.7004;1.0;11;322.0521;288.4092;2312.343;1.0;12;382.3919;278.31818;2372.657;1.0;14;437.30902;266.10577;2572.1982;1.0;16;349.5897;273.72253;2632.3784;1.0;17;339.8753;337.77356;2126.8835;1.0;19;443.2909;378.3173;1805.5201;1.0;20;378.4653;302.02216;2372.681;1.0;21;382.4975;330.87054;2083.8767;1.0;23;526.3084;359.57047;2160.08;1.0
2;1342369928996;fallen;0;266.72995;280.7657;2200.6045;1.0;1;316.98404;276.9327;2416.1213;1.0;2;329.54865;287.52057;2369.8274;1.0;5;301.9669;278.82596;2350.8066;1.0;6;271.956;294.53653;2154.6165;1.0;8;265.6949;277.46143;2013.685;1.0;11;331.2107;275.13913;2481.436;1.0;12;384.66296;273.95688;2539.207;1.0;14;441.33228;259.95383;2730.2322;1.0;16;313.82358;303.54837;2200.4868;1.0;17;381.45053;350.62585;2024.1719;1.0;19;437.39218;376.10974;1839.896;1.0;20;368.50836;294.01706;2446.5798;1.0;21;388.98923;344.50006;2220.475;1.0;23;500.2723;384.0849;2169.3765;1.0
2;1342369929072;fallen;0;266.1496;283.22266;2195.0376;1.0;1;316.39398;274.6917;2421.9885;1.0;2;329.53748;286.08865;2381.5657;1.0;5;301.4698;278.185;2351.3145;1.0;6;278.52924;298.10287;2152.4392;1.0;8;271.81784;293.9332;1998.104;1.0;11;330.4719;271.3965;2492.6624;1.0;12;385.1781;271.86896;2546.8174;1.0;14;441.7077;250.20079;2656.1401;1.0;16;315.3352;306.12872;2210.3452;1.0;17;384.41403;355.93204;2012.0829;1.0;19;438.4661;374.59238;1838.8726;1.0;20;367.99258;290.50266;2471.9404;1.0;21;384.33386;340.2121;2228.2402;1.0;23;487.10605;378.67905;2144.7942;1.0
2;1342369929152;fallen;0;265.00995;285.22797;2178.8027;1.0;1;316.31296;275.39252;2427.789;1.0;2;332.8327;284.18234;2396.9849;1.0;5;304.0427;282.46484;2343.7856;1.0;6;293.36475;302.13638;2161.7117;1.0;8;273.8165;297.08444;2088.4688;1.0;11;327.7625;268.7932;2511.7927;1.0;12;384.37912;272.71973;2557.9045;1.0;14;438.98462;255.27896;2736.069;1.0;16;329.93964;307.02145;2223.3506;1.0;17;393.88138;366.99704;1984.9082;1.0;19;447.34528;376.6879;1826.0522;1.0;20;367.36633;280.95413;2509.0105;1.0;21;367.36002;299.08862;2168.241;1.0;23;427.85367;368.32626;1763.5391;1.0
2;1342369929228;fallen;0;266.4683;285.6159;2176.8843;1.0;1;321.17957;278.81598;2422.1614;1.0;2;339.59174;280.89935;2494.032;1.0;5;306.98373;275.7124;2491.9822;1.0;6;293.92325;289.02148;2300.9656;1.0;8;267.62433;276.71756;2143.353;1.0;11;336.21808;282.10382;2352.3406;1.0;12;394.54523;284.34357;2420.9531;1.0;14;450.08878;263.9366;2598.685;1.0;16;347.29626;280.81787;2612.5034;1.0;17;380.06464;369.94644;2036.777;1.0;19;436.0771;374.24136;1835.9047;1.0;20;367.0066;284.9899;2519.3015;1.0;21;376.69937;310.92047;2098.4915;1.0;23;447.70953;355.55942;1912.8214;1.0
2;1342369929328;fallen;0;266.01807;286.3258;2174.034;1.0;1;317.824;282.6112;2399.1177;1.0;2;339.11444;281.30136;2474.218;1.0;5;305.93326;277.67603;2461.1035;1.0;6;296.3355;291.40836;2261.854;1.0;8;262.96002;277.08136;2118.055;1.0;11;330.3455;287.8082;2337.1318;1.0;12;357.3074;327.16583;2069.1003;1.0;14;306.88736;330.15335;2085.0737;1.0;16;348.1445;275.92288;2605.1619;1.0;17;349.42825;310.1568;2133.7812;1.0;19;252.67232;292.0965;2277.3806;1.0;20;370.6494;284.40015;2493.4746;1.0;21;377.5591;322.43558;2062.2236;1.0;23;446.79413;359.7342;1907.833;1.0
2;1342369929395;fallen;0;266.38916;285.84982;2170.6553;1.0;1;319.52518;283.3745;2376.3784;1.0;2;347.10626;280.89307;2489.6394;1.0;5;308.3799;277.16132;2425.374;1.0;6;295.96643;293.611;2250.8516;1.0;8;265.13715;277.0205;2184.1968;1.0;11;331.13968;289.84933;2327.383;1.0;12;384.1578;290.25745;2466.054;1.0;14;439.40222;265.5585;2590.467;1.0;16;357.91638;271.42838;2666.288;1.0;17;363.04218;314.07864;2219.1396;1.0;19;273.9457;291.70523;2303.711;1.0;20;387.37515;286.18613;2539.5125;1.0;21;369.87134;327.23734;1998.9617;1.0;23;438.07144;388.6865;1684.4806;1.0
2;1342369929493;fallen;0;266.40585;285.88657;2172.2722;1.0;1;318.25244;282.4663;2389.9607;1.0;2;345.12592;280.88098;2494.6648;1.0;5;305.04626;276.59518;2452.7178;1.0;6;273.58804;296.55292;2236.1724;1.0;8;275.94196;276.0145;2266.5652;1.0;11;332.17087;288.65408;2327.2034;1.0;12;373.27756;301.35284;2452.156;1.0;14;426.96085;272.74487;2501.5862;1.0;16;355.3128;273.63184;2667.6038;1.0;17;358.27734;310.6508;2209.4304;1.0;19;386.71683;346.15454;2001.8612;1.0;20;385.139;285.52713;2531.134;1.0;21;345.85764;327.04196;2135.5784;1.0;23;429.36102;362.14917;1863.8434;1.0
2;1342369929561;fallen;0;266.3161;286.0413;2172.7427;1.0;1;318.1951;281.15146;2399.602;1.0;2;342.36902;280.73843;2493.4949;1.0;5;304.52338;274.98776;2466.066;1.0;6;276.1009;294.4818;2260.1106;1.0;8;275.49216;274.95184;2273.9592;1.0;11;332.64578;287.6663;2333.1384;1.0;12;370.1859;303.81134;2447.8127;1.0;14;411.0437;288.34506;2397.9436;1.0;16;352.57004;275.32788;2645.7534;1.0;17;361.83423;313.08594;2193.1323;1.0;19;392.71368;352.74774;1966.477;1.0;20;377.57086;285.615;2529.022;1.0;21;358.24686;328.6905;2076.0752;1.0;23;430.9419;359.99493;1876.2701;1.0
2;1342369929639;fallen;0;266.0325;286.1152;2172.3435;1.0;1;318.46628;278.99762;2417.115;1.0;2;337.62274;280.3583;2491.2542;1.0;5;303.73163;272.88492;2491.5906;1.0;6;275.60626;290.98215;2278.936;1.0;8;277.63242;273.77374;2288.4153;1.0;11;334.13776;285.499;2342.6394;1.0;12;374.61328;301.66293;2425.5085;1.0;14;474.71967;263.1268;2681.8088;1.0;16;346.43887;278.03275;2610.8638;1.0;17;350.42102;326.9827;2130.7349;1.0;19;448.68402;388.19666;1806.4019;1.0;20;365.23825;285.3781;2519.9229;1.0;21;372.44424;323.16888;2064.811;1.0;23;437.80627;357.73123;1880.5598;1.0
2;1342369929707;fallen;0;265.63696;286.1645;2169.5679;1.0;1;317.40353;276.06674;2405.5933;1.0;2;335.22083;279.15497;2480.5203;1.0;5;301.46906;266.313;2485.0085;1.0;6;273.31168;289.39044;2293.2095;1.0;8;313.25708;281.07947;2350.1572;1.0;11;334.426;286.48645;2326.1782;1.0;12;373.8751;302.63977;2410.989;1.0;14;423.415;253.05275;2757.1;1.0;16;343.2051;276.93292;2598.2717;1.0;17;351.3604;316.11392;2109.075;1.0;19;446.016;388.35583;1794.6996;1.0;20;361.081;287.3662;2512.6228;1.0;21;379.25766;323.37207;2055.684;1.0;23;441.5824;360.24194;1880.3425;1.0
2;1342369929773;fallen;0;265.58005;285.7733;2169.3203;1.0;1;317.77234;277.03235;2409.294;1.0;2;335.15262;279.73013;2481.3838;1.0;5;301.87024;268.1366;2488.2642;1.0;6;279.88528;289.50177;2293.989;1.0;8;279.1759;270.25366;2290.769;1.0;11;334.7522;286.531;2330.3237;1.0;12;374.27176;302.1934;2415.1782;1.0;14;420.4198;251.25665;2755.16;1.0;16;342.42996;277.40576;2597.7786;1.0;17;352.91138;313.6618;2104.7556;1.0;19;416.95422;375.18585;1853.6836;1.0;20;360.99527;287.31738;2509.1687;1.0;21;380.20172;323.1749;2048.168;1.0;23;442.57007;362.38885;1864.263;1.0
2;1342369929856;fallen;0;265.20746;285.65958;2169.903;1.0;1;316.25464;277.74796;2397.8054;1.0;2;334.97748;280.4736;2477.2827;1.0;5;302.7063;265.7604;2466.682;1.0;6;285.92722;290.57617;2284.2249;1.0;8;272.35406;269.68924;2261.76;1.0;11;330.60437;290.44452;2328.929;1.0;12;362.19983;304.95416;2390.78;1.0;14;436.06705;271.47324;2521.9082;1.0;16;343.12808;275.18933;2603.734;1.0;17;359.84012;312.91574;2092.0767;1.0;19;442.8081;384.74225;1808.6299;1.0;20;362.29672;291.16382;2509.786;1.0;21;356.7027;346.85028;2710.399;1.0;23;437.8069;354.13705;1895.4038;1.0
2;1342369930227;fallen;0;265.06885;285.83588;2168.722;1.0;1;317.69025;280.12134;2398.265;1.0;2;333.1054;281.76895;2462.167;1.0;5;301.07202;271.6521;2477.6243;1.0;6;274.98065;290.45953;2297.0613;1.0;8;281.4331;272.54416;2270.326;1.0;11;335.44592;289.1703;2318.9055;1.0;12;391.69177;280.82645;2436.4075;1.0;14;320.23468;269.45306;2319.1511;1.0;16;334.49545;276.87506;2588.5342;1.0;17;338.21893;315.71298;2112.5935;1.0;19;432.8765;389.55054;1789.9181;1.0;20;361.6575;290.11887;2463.604;1.0;21;370.16446;317.1138;2474.4229;1.0;23;380.0907;334.97238;2659.386;1.0
2;1342369930310;fallen;0;265.45587;285.85675;2169.5403;1.0;1;317.35352;277.36664;2426.0847;1.0;2;342.11227;280.0127;2503.2822;1.0;5;304.59274;271.1031;2508.5605;1.0;6;277.13477;293.01358;2277.3442;1.0;8;286.14087;276.36072;2255.258;1.0;11;331.01245;284.07104;2343.609;1.0;12;380.67014;283.86218;2464.862;1.0;14;343.91263;299.0613;2346.631;1.0;16;352.13724;276.556;2661.342;1.0;17;364.16687;316.75485;2160.4119;1.0;19;448.26996;384.51352;1862.8008;1.0;20;379.4995;288.8295;2499.6174;1.0;21;354.73627;320.41486;2372.6194;1.0;23;372.35696;338.20087;2501.8374;1.0
2;1342369930950;fallen;0;271.99222;265.24466;2191.386;1.0;1;324.32928;272.8586;2412.0059;1.0;2;337.03256;283.93533;2399.5737;1.0;5;310.98227;283.28427;2313.5032;1.0;6;289.20703;306.12112;2142.4885;1.0;8;289.45996;283.7435;2091.224;1.0;11;336.62897;263.25107;2510.5085;1.0;12;399.42383;267.0096;2599.281;1.0;14;444.91953;243.17969;2815.3599;1.0;16;333.5935;310.22607;2259.4358;1.0;17;370.01315;341.33823;1961.6924;1.0;19;434.56903;378.62463;1836.354;1.0;20;364.4899;281.56216;2514.8474;1.0;21;363.13135;321.9709;2692.0095;1.0;23;442.36496;374.01318;2243.3997;1.0
2;1342369931038;fallen;0;271.47418;266.29465;2189.857;1.0;1;326.17902;272.46182;2405.2861;1.0;2;337.32312;282.58658;2398.444;1.0;5;315.56;282.04214;2312.841;1.0;6;287.92526;303.0383;2138.7253;1.0;8;290.0624;282.48465;2092.1318;1.0;11;336.012;263.59067;2497.731;1.0;12;398.10468;267.4423;2601.1587;1.0;14;439.59766;247.17528;2806.88;1.0;16;336.81448;305.28864;2281.7312;1.0;17;369.4249;347.09906;1962.5608;1.0;19;430.99957;378.5909;1838.9487;1.0;20;359.21826;281.3497;2501.4731;1.0;21;364.8585;326.01697;2664.2024;1.0;23;441.1489;369.8458;2207.826;1.0
2;1342369931226;fallen;0;308.35605;240.9052;2639.442;1.0;1;353.1229;271.20364;2478.552;1.0;2;344.92743;283.9243;2431.1843;1.0;5;357.8536;264.2245;2430.3782;1.0;6;291.9288;284.62244;2185.1418;1.0;8;262.18228;287.36563;2002.4912;1.0;11;348.5726;277.9167;2526.726;1.0;12;402.12582;279.9077;2624.5012;1.0;14;440.65872;253.05391;2755.677;1.0;16;345.354;284.00168;2291.438;1.0;17;377.4081;281.04477;1997.7539;1.0;19;461.57675;352.70212;1801.6063;1.0;20;328.12616;309.3181;2476.195;1.0;21;354.66858;359.8328;2555.5454;1.0;23;417.97443;422.90106;1821.3175;1.0
2;1342369931317;fallen;0;395.37085;250.10565;2558.8281;1.0;1;341.72162;272.88608;2448.8062;1.0;2;348.4768;276.1106;2488.0352;1.0;5;330.616;264.56226;2498.7258;1.0;6;303.50766;281.80524;2327.7595;1.0;8;256.80832;288.88004;2161.2283;1.0;11;353.28943;281.55637;2398.8862;1.0;12;412.4613;286.17203;2498.3628;1.0;14;457.4267;260.27264;2708.2576;1.0;16;347.7451;273.8269;2559.9944;1.0;17;364.2937;347.04364;1921.7335;1.0;19;427.87787;385.3664;1793.1431;1.0;20;362.4905;284.78503;2494.5342;1.0;21;384.64017;341.2622;2499.235;1.0;23;437.90424;405.8967;1910.0005;1.0
2;1342369931395;fallen;0;383.96426;248.8436;2573.9333;1.0;1;342.13013;272.29236;2456.9602;1.0;2;347.84134;278.52203;2481.0732;1.0;5;328.08508;277.26462;2492.407;1.0;6;303.79672;298.1186;2316.43;1.0;8;252.22063;303.1623;2153.691;1.0;11;356.58636;267.17453;2421.5134;1.0;12;416.0338;273.03638;2503.9211;1.0;14;464.21042;249.13257;2730.3132;1.0;16;347.4566;286.65305;2520.2898;1.0;17;351.69592;318.22205;1979.0791;1.0;19;434.9708;391.34457;1776.8097;1.0;20;359.50122;282.58606;2490.0828;1.0;21;383.12344;339.23737;2451.1357;1.0;23;428.86008;401.556;1938.8168;1.0
2;1342369931905;fallen;0;318.4611;239.3966;2651.0193;1.0;1;366.8064;265.98654;2533.7683;1.0;2;346.89355;275.10065;2473.3474;1.0;5;373.48965;258.43045;2476.556;1.0;6;409.04538;249.12611;2563.4666;1.0;8;430.49884;243.54077;2685.9817;1.0;11;360.4183;273.20895;2590.981;1.0;12;418.5192;284.00342;2638.7546;1.0;14;467.18027;261.5702;2871.5981;1.0;16;331.1916;278.20706;2363.389;1.0;17;374.9719;318.1592;1971.5847;1.0;19;450.56985;383.13348;1803.604;1.0;20;320.9849;290.87518;2462.464;1.0;21;360.11658;320.54764;2036.4371;1.0;23;427.1864;379.88696;1772.2821;1.0
2;1342369931985;fallen;0;317.5022;239.11043;2638.7622;1.0;1;367.4532;267.0403;2532.5144;1.0;2;346.48798;275.55798;2471.4414;1.0;5;371.7118;257.75543;2486.4949;1.0;6;394.34;248.34085;2559.2493;1.0;8;287.3868;195.54514;2688.2078;1.0;11;363.3466;275.99374;2578.5342;1.0;12;418.69693;286.08112;2631.9534;1.0;14;467.82773;262.77106;2881.1638;1.0;16;328.0089;275.32397;2365.5046;1.0;17;372.07056;313.998;1979.4723;1.0;19;450.0446;380.87106;1801.389;1.0;20;321.04147;293.35498;2455.232;1.0;21;351.5109;310.63226;2034.315;1.0;23;427.086;379.72498;1783.4917;1.0
2;1342369932060;fallen;0;315.07327;239.31299;2613.0317;1.0;1;346.48514;267.90378;2541.7996;1.0;2;347.8379;274.18445;2474.7751;1.0;5;335.1067;266.09595;2536.8408;1.0;6;369.69556;260.48337;2564.7834;1.0;8;237.84383;301.93958;2093.502;1.0;11;357.81927;269.70453;2546.7585;1.0;12;290.84277;275.38843;2717.2812;1.0;14;297.91833;216.93663;2867.2454;1.0;16;320.32828;276.27917;2395.8345;1.0;17;360.6535;320.6355;2021.3324;1.0;19;437.7572;381.4599;1838.8767;1.0;20;377.91867;285.30576;2419.6667;1.0;21;358.01157;323.66962;2080.438;1.0;23;433.58197;374.71857;1770.5082;1.0
2;1342369932139;fallen;0;312.2943;239.52734;2608.6628;1.0;1;343.0714;268.7875;2541.3054;1.0;2;345.43826;280.36844;2445.0393;1.0;5;332.18854;271.80804;2544.4429;1.0;6;360.66116;268.3204;2536.3333;1.0;8;244.77731;310.29156;2114.4275;1.0;11;353.9812;265.75952;2538.168;1.0;12;290.61456;274.19415;2728.2922;1.0;14;300.97427;209.78813;2890.2712;1.0;16;318.66925;300.95453;2356.6;1.0;17;360.09262;318.61597;2041.2634;1.0;19;434.21542;376.37845;1869.8429;1.0;20;377.52518;284.7889;2340.946;1.0;21;360.2327;326.38828;2047.6106;1.0;23;435.154;378.84747;1745.0585;1.0
2;1342369932197;fallen;0;384.30032;253.60962;2521.9011;1.0;1;338.7524;270.40698;2533.9058;1.0;2;341.7028;281.0579;2429.0103;1.0;5;327.26123;274.5067;2536.386;1.0;6;343.73096;275.8368;2495.2969;1.0;8;241.01724;304.7482;2109.4814;1.0;11;350.2661;266.2992;2531.4253;1.0;12;294.38232;274.03732;2732.8425;1.0;14;300.2283;217.9185;2957.827;1.0;16;315.8583;302.97803;2329.8738;1.0;17;383.283;344.4971;2070.5144;1.0;19;430.13632;376.32187;1885.888;1.0;20;374.12506;282.31125;2318.356;1.0;21;385.49872;336.84827;1970.21;1.0;23;258.96124;317.01047;2127.2373;1.0
2;1342369932283;fallen;0;373.06372;251.44376;2533.9285;1.0;1;341.97235;270.58484;2534.8547;1.0;2;337.28412;286.97424;2421.3867;1.0;5;335.3844;264.5125;2526.0254;1.0;6;350.25824;268.0048;2443.0803;1.0;8;385.4206;352.10675;1867.5217;1.0;11;348.5146;276.615;2543.6843;1.0;12;304.8505;283.66272;2720.0806;1.0;14;470.50284;260.07822;2835.8638;1.0;16;318.91544;293.09366;2291.9265;1.0;17;378.52908;335.77814;2013.3701;1.0;19;435.15768;366.04486;1848.7966;1.0;20;345.17245;316.69324;2323.9106;1.0;21;354.71436;339.87875;2663.4639;1.0;23;274.79446;330.0696;2216.5042;1.0
2;1342369932358;fallen;0;383.4309;245.39948;2579.6216;1.0;1;352.9995;269.01187;2544.9011;1.0;2;344.58112;281.98816;2498.1787;1.0;5;349.10617;273.9312;2585.4802;1.0;6;366.0289;272.23755;2563.8682;1.0;8;446.66876;257.98587;2982.0422;1.0;11;357.019;263.9331;2504.3223;1.0;12;434.79306;276.58203;2545.0637;1.0;14;477.46262;249.67262;2784.972;1.0;16;330.4025;302.21957;2510.5974;1.0;17;338.98355;326.4556;2085.7476;1.0;19;435.22818;403.27917;1801.6323;1.0;20;341.55014;288.36438;2392.315;1.0;21;359.91806;317.9527;2613.9626;1.0;23;443.01376;359.4071;1760.51;1.0
2;1342369932449;fallen;0;387.8425;251.29218;2576.272;1.0;1;346.26254;272.3626;2524.209;1.0;2;343.79504;283.11057;2494.6924;1.0;5;342.54022;275.62097;2555.0007;1.0;6;355.42105;276.04718;2477.6277;1.0;8;234.49136;312.21365;2128.9653;1.0;11;350.07678;269.02374;2493.4175;1.0;12;424.06396;277.17493;2547.9097;1.0;14;472.32816;252.37465;2806.7793;1.0;16;332.43927;301.3396;2538.9458;1.0;17;342.73346;328.96826;2075.7942;1.0;19;433.25107;407.9172;1802.0386;1.0;20;350.6424;286.44653;2391.4055;1.0;21;358.22174;383.0491;2525.0354;1.0;23;423.1877;351.3087;1914.5621;1.0
2;1342369932510;fallen;0;306.58765;244.27158;2428.5195;1.0;1;349.53842;271.7851;2529.7305;1.0;2;353.1987;288.22232;2478.4507;1.0;5;354.70004;274.6886;2554.8179;1.0;6;371.64758;272.8994;2503.6143;1.0;8;278.9045;301.36584;2193.5437;1.0;11;344.2734;268.82343;2504.643;1.0;12;415.8846;277.54977;2551.8052;1.0;14;465.27658;251.38104;2811.6768;1.0;16;366.4706;310.1379;2472.2922;1.0;17;350.1379;313.5654;2076.0857;1.0;19;433.77;385.64404;1810.1072;1.0;20;347.19846;300.3891;2382.0496;1.0;21;354.86987;394.95123;2523.9993;1.0;23;419.94455;364.27805;1922.9553;1.0
2;1342369935150;fallen;0;252.44456;296.7721;2206.2712;1.0;1;313.58258;289.76865;2379.391;1.0;2;333.3136;289.33224;2382.6914;1.0;5;312.89185;276.9141;2448.6973;1.0;6;355.56894;266.75836;2259.1135;1.0;8;402.1308;299.39908;2223.914;1.0;11;314.31473;303.39453;2310.0847;1.0;12;362.87125;275.1844;2441.9343;1.0;14;363.86523;311.9907;2178.7488;1.0;16;351.87787;280.99628;2428.316;1.0;17;256.5949;294.79846;2217.363;1.0;19;264.7165;302.36154;2369.955;1.0;20;354.14243;297.08316;2343.6675;1.0;21;360.1665;351.99606;1943.7018;1.0;23;401.5291;321.23434;2347.284;1.0
2;1342369935981;fallen;0;252.953;297.0215;2207.1257;1.0;1;313.2926;290.87903;2393.7222;1.0;2;335.9656;287.9314;2359.7969;1.0;5;303.88672;285.82016;2305.436;1.0;6;353.6012;268.00195;2122.0322;1.0;8;408.56454;308.18594;2087.9214;1.0;11;322.02936;295.57797;2482.0083;1.0;12;363.286;272.87463;2593.611;1.0;14;359.98425;310.87247;2296.018;1.0;16;353.5896;280.94745;2261.1838;1.0;17;348.00076;339.3143;2393.6304;1.0;19;305.90808;314.45773;2388.123;1.0;20;364.70145;288.63428;2390.5593;1.0;21;352.39154;337.6877;2183.306;1.0;23;242.18813;313.5091;2264.1584;1.0
2;1342369936039;fallen;0;252.89505;297.40585;2205.6729;1.0;1;312.38574;291.3023;2391.0437;1.0;2;331.9246;283.4079;2385.374;1.0;5;309.18127;277.59622;2477.7927;1.0;6;355.09998;260.61478;2290.8823;1.0;8;407.5476;297.4108;2260.8672;1.0;11;315.83148;306.04037;2304.2944;1.0;12;360.28464;280.27533;2424.89;1.0;14;357.1957;322.9345;2123.3696;1.0;16;345.60788;258.37814;2493.1794;1.0;17;356.52734;328.4579;2510.8066;1.0;19;320.7328;301.90723;2568.5808;1.0;20;358.10095;294.28583;2266.2292;1.0;21;340.83698;352.79315;2084.946;1.0;23;228.06853;325.72495;2170.773;1.0
2;1342369936638;fallen;0;341.3379;306.83154;2164.9753;1.0;1;347.2651;265.08218;2365.7466;1.0;2;336.73682;268.6459;2435.5898;1.0;5;344.27914;264.07245;2359.4937;1.0;6;391.139;280.797;2031.1886;1.0;8;387.9326;207.87361;1866.1838;1.0;11;350.2353;266.08658;2371.9995;1.0;12;386.67105;272.564;2209.1208;1.0;14;371.90546;293.9869;2057.238;1.0;16;298.85223;262.8989;2445.857;1.0;17;244.67891;327.915;2148.5166;1.0;19;311.39972;272.155;2504.1167;1.0;20;353.4408;280.69965;2565.0093;1.0;21;420.48593;287.7507;2630.672;1.0;23;321.8712;288.6013;2481.279;1.0
2;1342369936698;fallen;0;345.6859;294.22363;2177.6072;1.0;1;345.07352;265.8091;2360.6843;1.0;2;336.97208;269.12045;2437.5989;1.0;5;339.33334;264.69333;2352.2224;1.0;6;247.34898;296.898;2311.5088;1.0;8;382.04147;251.59436;1903.6921;1.0;11;350.7727;266.91693;2369.146;1.0;12;386.81512;274.69003;2197.9849;1.0;14;385.9303;249.57172;1933.9552;1.0;16;297.33853;266.19186;2465.509;1.0;17;243.42885;326.88113;2154.8352;1.0;19;317.68262;280.1151;2454.4814;1.0;20;360.1695;278.03568;2563.5178;1.0;21;416.9437;295.58978;2594.402;1.0;23;334.42654;285.62448;2476.1821;1.0
2;1342369936909;fallen;0;357.78607;257.94882;2183.917;1.0;1;332.43332;266.92773;2363.628;1.0;2;326.40057;273.78952;2394.634;1.0;5;315.95218;267.53787;2310.669;1.0;6;261.56223;269.6859;2392.4927;1.0;8;242.54684;305.1258;2060.556;1.0;11;348.1921;266.34436;2416.5867;1.0;12;378.98874;276.72467;2367.9092;1.0;14;378.08136;268.8527;2026.6664;1.0;16;300.41672;281.58063;2360.7122;1.0;17;347.818;305.70593;2089.7678;1.0;19;270.61575;334.11435;2253.9238;1.0;20;339.5791;279.42868;2490.5684;1.0;21;396.4687;324.26035;2400.7854;1.0;23;334.23553;292.77402;2333.8892;1.0
2;1342369937016;fallen;0;354.04932;252.52014;2189.0935;1.0;1;321.37418;270.57675;2371.7473;1.0;2;321.52048;275.82208;2341.4639;1.0;5;297.19943;270.05444;2368.52;1.0;6;253.10367;265.88513;2425.2568;1.0;8;241.89162;301.20544;2092.8755;1.0;11;345.48322;271.09766;2374.9746;1.0;12;380.71176;279.29135;2352.7668;1.0;14;405.5363;279.21414;2555.2776;1.0;16;273.90067;280.20135;2304.974;1.0;17;302.20297;375.92392;2379.891;1.0;19;248.62285;286.67676;2557.3691;1.0;20;369.18475;282.20303;2317.3867;1.0;21;392.13058;321.4727;2323.4614;1.0;23;346.13666;269.6862;2376.4067;1.0
2;1342369937086;fallen;0;348.26562;259.4765;2411.2554;1.0;1;318.54306;271.99844;2373.1533;1.0;2;317.6823;274.91998;2352.151;1.0;5;299.42004;269.42838;2380.9685;1.0;6;254.87082;265.82236;2433.8723;1.0;8;237.38272;301.47375;2100.2117;1.0;11;337.79242;274.5855;2365.338;1.0;12;378.7865;281.11935;2328.0598;1.0;14;406.4548;279.0405;2538.6387;1.0;16;275.17453;272.25522;2347.9316;1.0;17;295.55228;366.85742;2355.6804;1.0;19;249.62715;281.78076;2572.5645;1.0;20;359.04138;283.61493;2314.3652;1.0;21;389.11517;331.71585;2302.6091;1.0;23;343.19214;297.00125;2354.6135;1.0
2;1342369943717;fallen;0;371.48175;218.82101;2955.1653;1.0;1;387.15445;261.16357;2613.8875;1.0;2;369.71487;267.82465;2573.4797;1.0;5;396.33987;284.0698;2603.6172;1.0;6;433.45416;277.14365;2775.2837;1.0;8;461.16138;276.63608;2858.195;1.0;11;378.04092;238.43665;2624.158;1.0;12;406.19952;230.71019;2614.9668;1.0;14;442.78055;202.733;3127.4446;1.0;16;357.79065;290.10947;2526.3826;1.0;17;301.46057;340.7346;2233.6453;1.0;19;250.11319;294.78174;2472.8801;1.0;20;345.6792;259.36823;2539.7612;1.0;21;360.2005;327.9383;2574.9966;1.0;23;397.0363;261.14972;2595.9543;1.0
2;1342369943937;fallen;0;380.12924;240.4583;2607.6492;1.0;1;384.59848;262.69125;2625.7493;1.0;2;362.01785;278.75842;2483.7546;1.0;5;392.886;243.04463;2561.708;1.0;6;388.76447;234.91092;2750.4211;1.0;8;427.78516;233.18686;2780.6426;1.0;11;376.70563;281.40234;2689.7905;1.0;12;423.66022;278.64584;2667.6387;1.0;14;481.15326;264.6778;2896.875;1.0;16;342.0052;282.70782;2298.75;1.0;17;379.5157;347.78366;1946.3513;1.0;19;268.2184;275.11554;2503.7815;1.0;20;331.5839;310.333;2384.77;1.0;21;344.87912;346.15787;2078.3623;1.0;23;357.976;339.26956;2542.262;1.0
2;1342369944008;fallen;0;365.2613;237.48091;2684.0068;1.0;1;342.19235;269.2972;2528.5405;1.0;2;339.1602;284.04526;2424.4602;1.0;5;319.43454;257.78525;2516.8635;1.0;6;384.49496;241.84341;2854.2512;1.0;8;415.4946;240.60896;2837.7107;1.0;11;364.74094;280.70334;2540.2175;1.0;12;418.2247;277.91248;2526.204;1.0;14;473.0408;261.85162;2768.4543;1.0;16;320.60492;292.50726;2313.197;1.0;17;369.59766;363.80222;1922.0868;1.0;19;263.5234;291.74622;2532.2295;1.0;20;351.01297;307.67844;2327.5625;1.0;21;369.85886;317.59573;1981.1538;1.0;23;377.52893;344.8418;2404.1282;1.0
2;1342369944081;fallen;0;363.45627;236.80777;2687.3364;1.0;1;330.16464;276.19537;2531.433;1.0;2;332.65314;288.15674;2418.909;1.0;5;295.88678;272.06226;2512.7815;1.0;6;367.62912;245.8701;2809.26;1.0;8;239.55695;294.15897;2187.9558;1.0;11;363.9411;280.26804;2550.0845;1.0;12;419.8892;273.68048;2544.3572;1.0;14;478.96335;265.8011;2865.0483;1.0;16;318.1472;299.2982;2297.7983;1.0;17;366.81036;362.13635;1930.6213;1.0;19;261.06863;298.93854;2493.7383;1.0;20;352.4939;303.2575;2314.9714;1.0;21;370.45566;306.249;1942.5743;1.0;23;378.9038;349.18304;2316.8003;1.0
2;1342369944172;fallen;0;362.01697;234.79486;2692.5454;1.0;1;327.41373;277.27072;2527.4263;1.0;2;330.71628;284.93927;2416.4739;1.0;5;295.1141;274.80856;2508.9448;1.0;6;343.52747;253.52116;2758.4524;1.0;8;235.41353;299.19443;2189.5986;1.0;11;359.24442;279.69714;2545.9077;1.0;12;417.53427;269.62555;2550.395;1.0;14;465.8683;256.92093;2799.3735;1.0;16;318.23978;292.176;2297.0754;1.0;17;363.0176;365.2164;2061.397;1.0;19;275.10922;314.43158;2470.1167;1.0;20;350.316;294.50723;2313.9675;1.0;21;374.46616;305.9277;1922.0237;1.0;23;380.89462;363.27066;2187.1975;1.0
2;1342369944252;fallen;0;382.08243;243.07292;2607.1328;1.0;1;328.0356;274.1327;2531.2263;1.0;2;326.60248;281.48764;2427.6252;1.0;5;300.64703;267.21066;2532.6438;1.0;6;328.66238;258.9341;2747.6885;1.0;8;230.48853;289.39328;2224.5537;1.0;11;355.45486;281.06247;2529.8088;1.0;12;409.207;270.6732;2556.6829;1.0;14;462.1164;259.8629;2790.6794;1.0;16;299.72156;283.0908;2325.2273;1.0;17;360.21356;343.27582;2026.814;1.0;19;285.31863;325.06494;2384.782;1.0;20;350.3878;295.91254;2322.821;1.0;21;374.13605;307.59232;1902.9288;1.0;23;379.87836;375.94022;2120.016;1.0
2;1342369944309;fallen;0;383.3144;244.69817;2600.8787;1.0;1;331.19846;271.8176;2528.9614;1.0;2;329.96118;280.54675;2424.2927;1.0;5;307.86124;262.42557;2523.7842;1.0;6;322.00446;261.441;2732.5933;1.0;8;211.55861;241.03238;2547.9783;1.0;11;354.44037;281.17126;2534.1387;1.0;12;408.09122;269.44904;2563.9524;1.0;14;464.73352;260.54163;2801.9563;1.0;16;306.43137;281.17462;2315.1113;1.0;17;367.9227;353.8439;2033.4225;1.0;19;369.20398;396.2928;2486.707;1.0;20;350.70703;298.91824;2324.1367;1.0;21;373.02902;296.8325;1887.4528;1.0;23;379.88644;383.75406;2076.0986;1.0
2;1342369944387;fallen;0;385.48627;249.05777;2583.0984;1.0;1;324.13983;277.32507;2525.9236;1.0;2;330.5475;285.1829;2425.364;1.0;5;294.84805;274.53027;2488.9558;1.0;6;310.37872;266.03586;2679.3127;1.0;8;206.63129;251.751;2482.6042;1.0;11;352.58655;280.03928;2562.8914;1.0;12;410.15317;267.25906;2599.9146;1.0;14;466.93185;258.4734;2849.4539;1.0;16;320.29785;292.2111;2304.5544;1.0;17;367.5348;367.5206;1961.767;1.0;19;365.01614;397.9411;2442.5825;1.0;20;354.42386;295.20374;2345.0544;1.0;21;375.48007;291.74683;1904.6652;1.0;23;380.96317;385.49036;2025.3906;1.0
2;1342369944452;fallen;0;384.82156;248.83832;2583.9556;1.0;1;325.56253;276.23807;2540.058;1.0;2;332.2341;285.2313;2432.6875;1.0;5;299.98782;273.51364;2507.773;1.0;6;307.869;268.61957;2662.2288;1.0;8;207.59195;260.4633;2462.0571;1.0;11;350.49527;278.89407;2572.343;1.0;12;408.74594;265.75455;2608.915;1.0;14;466.05612;257.62836;2864.2632;1.0;16;324.44873;293.5818;2307.6833;1.0;17;367.54657;366.40912;1920.1912;1.0;19;363.9142;395.2504;2424.056;1.0;20;354.36792;296.50616;2342.9504;1.0;21;375.51538;293.8939;1906.13;1.0;23;380.97885;390.30676;1996.5847;1.0
2;1342369944510;fallen;0;383.7382;249.68933;2579.1433;1.0;1;325.51965;276.1594;2540.1768;1.0;2;332.12277;287.02747;2435.9004;1.0;5;301.18887;271.0059;2503.4187;1.0;6;304.09482;267.61682;2650.625;1.0;8;204.95358;262.35608;2462.4534;1.0;11;349.1563;281.16586;2576.9348;1.0;12;407.56955;267.40665;2613.5974;1.0;14;467.28937;258.61557;2863.1626;1.0;16;325.5197;296.11148;2312.2107;1.0;17;373.29092;363.84998;1918.0312;1.0;19;361.35596;395.03714;2404.6206;1.0;20;352.88547;301.5783;2351.0374;1.0;21;377.94543;291.20984;1918.4108;1.0;23;383.6004;412.4872;1725.0765;1.0
2;1342369944588;fallen;0;382.59637;251.62343;2557.4636;1.0;1;327.63306;270.55704;2548.0667;1.0;2;332.28494;283.9559;2439.176;1.0;5;307.21484;264.05133;2518.9746;1.0;6;296.96414;272.62518;2625.387;1.0;8;203.48962;274.3203;2420.418;1.0;11;347.59027;276.9159;2577.159;1.0;12;407.23615;263.06818;2633.0107;1.0;14;464.1221;256.6362;2856.832;1.0;16;328.1836;295.80984;2318.171;1.0;17;240.47154;325.24005;2113.211;1.0;19;239.18912;285.3264;2522.4812;1.0;20;346.46457;301.3752;2342.3997;1.0;21;374.33224;292.67776;1936.9727;1.0;23;378.23273;412.90863;1757.8833;1.0
2;1342369944647;fallen;0;383.6239;251.0392;2560.4324;1.0;1;338.7959;269.3218;2526.296;1.0;2;338.11987;283.5344;2428.2395;1.0;5;326.87488;259.3593;2504.6414;1.0;6;292.423;269.9234;2643.815;1.0;8;202.04271;271.067;2448.766;1.0;11;350.5143;279.115;2547.9507;1.0;12;411.14514;265.93723;2609.4077;1.0;14;468.64075;258.64096;2820.8389;1.0;16;329.90765;292.8595;2317.6243;1.0;17;240.27011;322.7252;2118.9553;1.0;19;237.12389;283.61224;2505.3225;1.0;20;344.786;304.9615;2342.742;1.0;21;372.68;296.5546;1945.8442;1.0;23;374.89996;416.3268;1785.1277;1.0
2;1342369944723;fallen;0;365.80536;241.53725;2729.5872;1.0;1;335.7374;269.06335;2531.445;1.0;2;336.8332;283.77408;2430.7368;1.0;5;321.83896;260.11896;2507.5723;1.0;6;290.15335;271.3876;2616.7734;1.0;8;205.41904;271.6635;2447.9753;1.0;11;349.37613;277.8406;2555.3179;1.0;12;409.82068;265.14783;2623.4487;1.0;14;466.8863;258.16577;2841.7686;1.0;16;329.2298;294.27338;2316.0554;1.0;17;240.3748;323.29272;2119.4385;1.0;19;233.58844;284.18198;2497.3286;1.0;20;346.71277;305.17413;2344.0017;1.0;21;374.7698;295.60806;1942.4111;1.0;23;377.04343;415.313;1782.0449;1.0
2;1342369944803;fallen;0;359.74982;232.31273;2755.7996;1.0;1;331.63416;268.30728;2532.4192;1.0;2;334.8128;283.82858;2428.4812;1.0;5;317.8942;260.1449;2504.445;1.0;6;285.81735;276.84332;2576.1443;1.0;8;205.82466;273.11728;2433.873;1.0;11;345.07388;276.2913;2560.3933;1.0;12;404.1477;263.47336;2636.5422;1.0;14;462.89154;257.15192;2848.7456;1.0;16;329.1681;295.53946;2307.3667;1.0;17;240.14581;319.2229;2118.3193;1.0;19;232.11737;283.4528;2498.0696;1.0;20;347.24973;305.86008;2341.7197;1.0;21;376.94382;294.13995;1945.1818;1.0;23;378.7238;406.79062;1801.0278;1.0
2;1342369944883;fallen;0;364.29288;225.97604;2749.4163;1.0;1;329.1677;266.93216;2536.7268;1.0;2;333.45105;284.0417;2437.6628;1.0;5;314.40796;260.808;2506.7014;1.0;6;280.53577;280.61353;2538.985;1.0;8;233.73276;294.92947;2140.616;1.0;11;343.5821;272.91302;2566.7524;1.0;12;403.7791;260.78928;2645.5918;1.0;14;460.00934;253.49217;2865.1248;1.0;16;329.06033;299.08722;2321.4492;1.0;17;240.92644;321.68756;2107.3972;1.0;19;234.52821;284.31717;2490.8618;1.0;20;347.00272;306.0631;2355.7483;1.0;21;374.42422;292.7274;1949.541;1.0;23;376.10315;406.44852;1816.0626;1.0
2;1342369944940;fallen;0;364.89664;225.43214;2747.9585;1.0;1;330.75977;265.83878;2537.1995;1.0;2;334.29193;283.5065;2432.9316;1.0;5;317.8668;258.87296;2508.9236;1.0;6;277.88132;280.4012;2534.711;1.0;8;237.95448;293.98105;2146.084;1.0;11;343.36853;272.65106;2565.4756;1.0;12;402.35303;260.40027;2645.585;1.0;14;458.98676;252.9674;2848.1008;1.0;16;329.24142;298.20627;2310.5732;1.0;17;240.77078;325.51862;2122.168;1.0;19;234.59885;282.66895;2497.1445;1.0;20;346.90216;307.23636;2346.7542;1.0;21;374.35364;294.31705;1941.0176;1.0;23;376.16705;409.46478;1811.0642;1.0
2;1342369945014;fallen;0;365.40768;225.08678;2747.189;1.0;1;329.33157;264.8543;2537.9392;1.0;2;332.4852;281.79492;2430.3962;1.0;5;316.3776;257.72095;2511.7673;1.0;6;274.97736;281.28705;2530.3755;1.0;8;237.29877;293.15335;2144.9067;1.0;11;342.02112;271.84204;2564.1108;1.0;12;400.5558;260.85223;2644.2646;1.0;14;458.69772;254.76793;2860.698;1.0;16;323.9315;294.00525;2300.5305;1.0;17;240.38712;323.91675;2123.5107;1.0;19;234.46841;283.04697;2500.7542;1.0;20;347.70175;306.48322;2345.176;1.0;21;375.19254;293.48505;1939.3164;1.0;23;378.9559;397.42813;1849.6936;1.0
2;1342369946106;fallen;0;424.12564;251.55746;2583.0032;1.0;1;365.12643;264.55276;2600.415;1.0;2;351.71255;271.04288;2505.98;1.0;5;375.0637;260.4128;2566.322;1.0;6;423.0247;250.63356;2620.9626;1.0;8;496.26715;270.35837;2327.5537;1.0;11;355.44638;268.58557;2634.508;1.0;12;371.4299;275.67825;2717.455;1.0;14;454.51147;250.53786;2940.5354;1.0;16;345.85538;274.47778;2383.062;1.0;17;366.93066;333.76505;2097.372;1.0;19;280.14105;327.94925;2185.9617;1.0;20;328.8418;281.52158;2440.0278;1.0;21;365.76172;307.70526;1966.5461;1.0;23;369.7295;423.66272;1761.7644;1.0
2;1342369946243;fallen;0;432.02695;257.33786;2552.5144;1.0;1;381.72604;267.86148;2531.29;1.0;2;363.8159;271.97177;2488.484;1.0;5;390.54294;268.16672;2470.6785;1.0;6;422.28806;251.78758;2663.1106;1.0;8;490.5247;274.841;2356.853;1.0;11;373.3215;267.5705;2591.9014;1.0;12;391.88458;270.609;2667.9688;1.0;14;460.8687;249.24643;2920.915;1.0;16;354.56537;276.82428;2377.3171;1.0;17;364.5632;322.8447;2030.1956;1.0;19;313.10788;333.1883;2234.726;1.0;20;336.4972;275.6602;2514.0383;1.0;21;353.58902;312.41693;2011.8053;1.0;23;352.1537;424.70734;1767.492;1.0
2;1342369948092;fallen;0;372.0077;239.09425;2649.3188;1.0;1;328.9808;265.30798;2519.065;1.0;2;322.2948;272.7189;2426.944;1.0;5;309.38242;259.30206;2539.1943;1.0;6;295.83337;294.16;2526.8723;1.0;8;242.31042;307.8765;2171.036;1.0;11;348.89493;271.41064;2498.9358;1.0;12;406.08786;265.10226;2525.2285;1.0;14;481.58078;251.12375;2476.4521;1.0;16;297.73193;275.2592;2351.418;1.0;17;335.60678;349.65814;2024.3452;1.0;19;254.16367;266.1677;2571.1223;1.0;20;332.67892;286.24823;2318.2285;1.0;21;340.61826;363.83813;1976.8871;1.0;23;305.8054;394.46744;2297.3926;1.0
2;1342369948153;fallen;0;353.76993;229.53502;2936.7944;1.0;1;329.01804;265.03946;2522.0935;1.0;2;322.7166;273.51285;2429.4834;1.0;5;310.24185;257.3817;2535.7124;1.0;6;298.41443;292.44788;2545.6296;1.0;8;244.30609;305.02588;2172.0288;1.0;11;347.9981;272.78033;2508.4744;1.0;12;404.50296;265.97235;2531.8877;1.0;14;481.8763;254.91934;2455.02;1.0;16;295.8612;274.34653;2350.4075;1.0;17;337.4253;349.0785;2033.113;1.0;19;254.46112;265.45334;2583.03;1.0;20;336.20386;291.066;2323.3394;1.0;21;339.66214;363.55048;1967.5916;1.0;23;291.1951;382.30606;2326.9695;1.0
2;1342369948226;fallen;0;354.66342;229.12184;2936.6838;1.0;1;328.1697;261.83203;2528.3975;1.0;2;321.929;271.462;2434.707;1.0;5;308.62677;251.73297;2536.3027;1.0;6;300.72543;292.70267;2557.2585;1.0;8;240.94707;306.7844;2163.4192;1.0;11;347.83524;271.99442;2520.4924;1.0;12;404.42123;265.7212;2532.3452;1.0;14;481.68896;252.99525;2476.2693;1.0;16;293.62924;270.62958;2349.1106;1.0;17;338.32874;348.09595;2030.6299;1.0;19;354.3721;238.0803;2938.1653;1.0;20;336.89786;293.174;2332.9224;1.0;21;337.90283;387.7229;2399.9937;1.0;23;301.07635;377.75702;2295.706;1.0
2;1342369948310;fallen;0;351.6785;227.9958;2963.0857;1.0;1;329.80945;265.49103;2532.574;1.0;2;326.4913;273.524;2443.0828;1.0;5;312.9822;258.73685;2535.5176;1.0;6;305.69485;291.4574;2586.042;1.0;8;244.2228;307.38977;2162.992;1.0;11;346.67587;272.26096;2529.6304;1.0;12;402.9583;265.2383;2535.8887;1.0;14;482.0559;253.44319;2466.8662;1.0;16;299.21097;272.61923;2357.4497;1.0;17;337.77237;348.73904;2042.7031;1.0;19;333.60098;247.61575;2834.96;1.0;20;346.70853;291.74774;2349.7334;1.0;21;341.70923;364.1157;2007.0251;1.0;23;307.5833;380.26147;2261.055;1.0
2;1342369948456;fallen;0;354.39328;226.83183;2991.1865;1.0;1;336.54242;264.6054;2529.5212;1.0;2;333.15155;274.9769;2459.5535;1.0;5;321.3214;258.2817;2528.8699;1.0;6;309.01794;290.77414;2612.5422;1.0;8;240.92581;308.23322;2167.868;1.0;11;351.7556;270.92584;2530.1729;1.0;12;407.3632;266.8365;2517.0923;1.0;14;482.2054;250.35863;2479.124;1.0;16;315.8064;280.2465;2389.0295;1.0;17;338.70505;351.02032;2004.4692;1.0;19;323.9732;259.57327;2638.2673;1.0;20;343.3114;291.66238;2390.1416;1.0;21;333.87332;361.0516;2060.4482;1.0;23;308.16296;374.76852;2304.0046;1.0
2;1342369949691;fallen;0;409.80896;240.71658;2660.7876;1.0;1;413.5522;270.33118;2543.174;1.0;2;379.22803;274.28058;2514.9294;1.0;5;404.34802;270.90408;2669.5095;1.0;6;447.21606;260.18634;2773.209;1.0;8;379.13403;239.9013;3101.1904;1.0;11;423.7186;269.6984;2416.8386;1.0;12;518.5814;261.3114;2437.676;1.0;14;565.301;253.16763;2763.0525;1.0;16;340.13043;278.45114;2568.7168;1.0;17;421.18375;275.5521;2563.5408;1.0;19;332.3444;359.2272;2067.8271;1.0;20;348.3904;278.17923;2404.6528;1.0;21;362.2127;341.13266;1985.7242;1.0;23;330.97946;364.2393;2216.4011;1.0
2;1342369949765;fallen;0;402.50314;241.36531;2618.0115;1.0;1;408.9501;270.0444;2549.4363;1.0;2;377.4751;273.60938;2521.0872;1.0;5;400.61945;268.47467;2657.6467;1.0;6;440.96802;258.57797;2754.3123;1.0;8;391.1008;238.6608;3071.6882;1.0;11;418.0193;271.7533;2441.2258;1.0;12;485.16672;281.47;2380.1375;1.0;14;559.59644;256.02417;2768.9626;1.0;16;340.47556;275.69397;2580.7937;1.0;17;403.41516;281.41714;2588.383;1.0;19;316.7042;346.0445;2122.0613;1.0;20;350.445;278.93118;2404.6826;1.0;21;357.8669;342.31555;1994.0452;1.0;23;333.41028;369.0215;2224.4653;1.0
2;1342369949972;fallen;0;390.20267;237.6926;2604.8591;1.0;1;408.64093;271.68225;2481.9407;1.0;2;382.65988;272.3552;2505.3271;1.0;5;409.93237;268.5447;2584.3923;1.0;6;399.54724;243.30664;2813.2239;1.0;8;446.9459;254.50934;2978.0093;1.0;11;407.23828;275.09;2379.489;1.0;12;463.793;288.21436;2396.7336;1.0;14;538.79236;269.2947;2779.7253;1.0;16;361.3569;268.99695;2661.622;1.0;17;324.74606;319.28772;2341.8638;1.0;19;261.9695;313.56906;2491.7856;1.0;20;352.49622;277.48035;2395.8052;1.0;21;360.55838;334.44464;1935.3091;1.0;23;370.4884;416.08597;1764.8729;1.0
2;1342369950044;fallen;0;393.51486;237.57166;2608.2876;1.0;1;400.41693;270.9108;2485.2908;1.0;2;379.8573;271.7108;2508.0347;1.0;5;402.74167;267.72604;2573.493;1.0;6;401.80298;243.01305;2786.3066;1.0;8;461.0286;262.74774;2618.6755;1.0;11;397.92117;274.32993;2397.0886;1.0;12;455.33743;289.0128;2418.6562;1.0;14;508.5202;263.9244;2498.9802;1.0;16;365.59366;267.33792;2676.89;1.0;17;325.63312;319.80847;2336.8892;1.0;19;257.8289;309.11957;2496.5276;1.0;20;353.0145;278.28705;2384.6672;1.0;21;359.3279;329.28152;1921.991;1.0;23;372.86334;418.53116;1775.3849;1.0
2;1342369950124;fallen;0;434.3505;249.71452;2661.8057;1.0;1;397.966;273.7741;2462.7478;1.0;2;377.14777;275.39935;2490.8477;1.0;5;401.7449;270.36377;2555.9604;1.0;6;402.9019;242.16234;2816.6035;1.0;8;462.45932;259.44894;2631.8406;1.0;11;393.88983;277.4528;2369.5354;1.0;12;450.59714;291.65573;2395.3542;1.0;14;515.00494;267.22733;2483.5586;1.0;16;365.4937;271.17642;2679.972;1.0;17;339.62546;360.31824;1971.506;1.0;19;364.48755;408.94122;2364.5928;1.0;20;346.90604;283.594;2357.9229;1.0;21;353.53336;330.7522;1881.9155;1.0;23;366.48358;348.84265;2178.3757;1.0
2;1342369950182;fallen;0;432.45026;250.13913;2665.14;1.0;1;395.03586;274.53186;2454.938;1.0;2;381.08688;273.37408;2493.7373;1.0;5;405.10104;272.97064;2532.3228;1.0;6;412.91867;244.3404;2790.815;1.0;8;467.01874;261.48032;2627.911;1.0;11;384.31546;276.19473;2377.5535;1.0;12;440.30142;291.458;2410.7888;1.0;14;504.1542;268.14935;2480.2722;1.0;16;381.81778;270.3023;2637.8955;1.0;17;353.21613;332.72324;2194.9626;1.0;19;383.49594;408.21475;2337.3655;1.0;20;352.07547;274.3705;2427.1775;1.0;21;331.70575;336.99368;1908.1981;1.0;23;347.90814;355.18805;2179.949;1.0
2;1342369950250;fallen;0;432.07788;250.46645;2665.4243;1.0;1;393.9516;274.62695;2454.874;1.0;2;376.26013;273.1598;2498.2708;1.0;5;402.62912;273.7908;2534.362;1.0;6;411.1957;244.39519;2795.5;1.0;8;469.32556;255.6877;2607.427;1.0;11;384.69333;275.5191;2375.3857;1.0;12;439.60187;292.3811;2417.0076;1.0;14;507.95248;270.22833;2485.0364;1.0;16;372.29367;270.74106;2653.4539;1.0;17;341.38425;328.2159;2234.5374;1.0;19;373.15665;405.11578;2370.9678;1.0;20;344.84464;272.83652;2429.8813;1.0;21;343.02917;333.206;1896.6927;1.0;23;360.0661;361.92645;2128.054;1.0
2;1342369950328;fallen;0;425.36664;248.1246;2634.4622;1.0;1;383.15652;264.98724;2525.0378;1.0;2;369.81412;270.04398;2536.8945;1.0;5;384.52252;263.6731;2599.9172;1.0;6;415.77643;250.05815;2720.7153;1.0;8;468.0207;267.1262;2535.4375;1.0;11;381.707;266.38168;2450.1584;1.0;12;435.31866;285.9443;2488.0164;1.0;14;496.93698;261.71848;2542.0374;1.0;16;360.067;272.44086;2674.2053;1.0;17;327.05478;325.38623;2297.276;1.0;19;360.54434;400.55072;2427.0728;1.0;20;352.76538;277.93704;2423.297;1.0;21;357.12387;320.72903;1905.1198;1.0;23;375.748;374.36786;2050.2441;1.0
2;1342369950386;fallen;0;417.1122;240.19179;2621.0955;1.0;1;382.06534;264.44077;2531.3645;1.0;2;368.82495;269.64908;2542.3264;1.0;5;383.17633;262.86267;2610.2517;1.0;6;418.23413;251.34625;2705.8506;1.0;8;481.60754;260.91345;2553.0007;1.0;11;380.8829;266.1204;2452.477;1.0;12;434.24783;285.56784;2491.2942;1.0;14;499.21585;263.0444;2577.0525;1.0;16;358.56128;271.97406;2674.5903;1.0;17;326.06418;325.10834;2291.2598;1.0;19;358.89893;397.74283;2442.9355;1.0;20;352.54956;277.93442;2431.9866;1.0;21;357.19296;323.07812;1901.2748;1.0;23;378.28842;380.31766;2026.3445;1.0
2;1342369950453;fallen;0;445.87933;248.97649;2715.8738;1.0;1;380.9691;263.64136;2539.0134;1.0;2;367.402;269.18918;2547.7864;1.0;5;381.481;262.3384;2619.6514;1.0;6;420.01834;251.534;2698.825;1.0;8;477.79248;262.70264;2541.801;1.0;11;380.42358;265.02982;2458.3755;1.0;12;432.60022;285.9786;2494.8086;1.0;14;497.15872;263.64938;2582.3252;1.0;16;355.81598;272.39105;2672.0728;1.0;17;326.06436;325.95712;2285.2727;1.0;19;358.27237;396.42163;2452.6042;1.0;20;351.86148;277.22525;2441.046;1.0;21;357.16962;320.71332;1907.1194;1.0;23;379.93027;385.02164;2006.746;1.0
2;1342369950529;fallen;0;444.73987;248.57312;2715.9375;1.0;1;378.40076;263.5301;2535.498;1.0;2;366.5692;269.08966;2542.873;1.0;5;378.4554;261.63644;2606.7925;1.0;6;423.3731;251.32028;2691.7683;1.0;8;482.56256;265.3769;2558.0107;1.0;11;378.34296;265.53326;2464.2036;1.0;12;429.1934;286.3692;2498.7288;1.0;14;498.95352;265.8182;2673.9897;1.0;16;355.829;271.4066;2656.4226;1.0;17;330.08752;325.04816;2267.7122;1.0;19;361.26102;393.7215;2451.4873;1.0;20;353.6943;278.10657;2444.0735;1.0;21;353.14816;321.978;1914.8356;1.0;23;377.2528;392.43076;1995.536;1.0
2;1342369951293;fallen;0;441.7601;252.7547;2559.832;1.0;1;372.1685;263.3169;2573.2224;1.0;2;356.9695;270.06967;2526.4368;1.0;5;365.19568;264.9939;2620.4944;1.0;6;414.78015;254.5347;2669.2402;1.0;8;460.6043;263.16275;2721.891;1.0;11;379.40225;261.57712;2525.9507;1.0;12;447.9707;265.75958;2513.487;1.0;14;492.9947;242.23233;2598.5566;1.0;16;324.32285;280.83606;2603.1924;1.0;17;226.8656;318.81525;2190.662;1.0;19;216.16684;285.0435;2497.4282;1.0;20;359.8407;272.92422;2356.1096;1.0;21;380.13147;342.71158;1971.0177;1.0;23;338.8919;322.47205;2175.627;1.0
2;1342369951371;fallen;0;442.3121;252.52466;2592.5637;1.0;1;370.59363;264.0212;2576.26;1.0;2;355.24896;271.00833;2528.07;1.0;5;363.62143;265.83362;2623.3872;1.0;6;413.47845;254.41283;2670.0808;1.0;8;460.85913;262.73203;2705.181;1.0;11;377.82565;262.14127;2529.1328;1.0;12;448.71002;266.43805;2512.162;1.0;14;494.49518;238.55966;2602.6448;1.0;16;323.04764;282.21527;2598.2808;1.0;17;233.39066;328.79138;2211.0198;1.0;19;224.97685;308.88705;2499.8313;1.0;20;357.19882;273.92285;2361.4795;1.0;21;378.85394;342.5024;1974.5245;1.0;23;339.40952;324.82547;2219.339;1.0
2;1342369951429;fallen;0;440.21298;250.74783;2600.4927;1.0;1;369.1606;264.24277;2580.898;1.0;2;354.22607;269.855;2532.0789;1.0;5;361.57507;266.40918;2630.009;1.0;6;411.50037;255.17094;2671.8132;1.0;8;459.15915;262.52237;2705.108;1.0;11;377.04044;261.99234;2531.7869;1.0;12;449.45306;266.24063;2511.5188;1.0;14;497.6254;238.46475;2615.1228;1.0;16;323.15802;280.01422;2590.432;1.0;17;241.52078;334.9296;2221.605;1.0;19;231.48099;313.81378;2442.7683;1.0;20;355.65305;270.97134;2376.088;1.0;21;375.3551;346.23123;1992.4803;1.0;23;341.07507;341.3422;2217.804;1.0
2;1342369951503;fallen;0;451.03488;246.51912;2607.5864;1.0;1;380.52765;267.4926;2552.1135;1.0;2;355.20667;274.77405;2456.5703;1.0;5;392.7202;275.11993;2501.7224;1.0;6;421.2726;256.90356;2616.8445;1.0;8;478.4058;261.9943;2595.2334;1.0;11;368.80722;260.16068;2602.5046;1.0;12;437.6466;264.30215;2567.297;1.0;14;483.7499;234.1761;2652.4917;1.0;16;330.51373;284.55276;2349.6433;1.0;17;284.79572;333.86172;2221.9158;1.0;19;270.40033;303.07144;2397.7021;1.0;20;325.1847;280.75513;2372.4106;1.0;21;337.9359;356.49155;2000.8445;1.0;23;314.05444;369.95084;1878.2495;1.0
2;1342369951584;fallen;0;453.06848;250.03241;2602.9631;1.0;1;380.90817;267.0167;2550.8022;1.0;2;358.61377;274.33215;2463.2224;1.0;5;393.9437;271.24515;2495.217;1.0;6;424.1009;253.74725;2612.103;1.0;8;481.88126;256.03796;2628.3345;1.0;11;368.42865;262.96857;2606.3875;1.0;12;437.53406;267.3982;2568.5088;1.0;14;483.4095;236.33589;2663.4622;1.0;16;337.58533;283.29376;2362.885;1.0;17;293.69876;341.20554;2252.0593;1.0;19;273.85944;302.534;2397.3247;1.0;20;331.79684;281.09207;2388.4001;1.0;21;335.3706;354.9015;1993.9801;1.0;23;286.15778;376.43976;1808.6086;1.0
2;1342369951659;fallen;0;448.20087;253.64412;2591.3423;1.0;1;381.01514;267.86865;2547.634;1.0;2;360.60782;273.90036;2470.4958;1.0;5;392.21115;269.3033;2495.3542;1.0;6;421.1834;250.41135;2628.3835;1.0;8;477.75046;251.81886;2635.923;1.0;11;370.26938;266.49167;2599.9138;1.0;12;437.3021;269.34894;2561.5056;1.0;14;481.79953;236.37386;2639.9575;1.0;16;343.97812;281.1582;2368.8489;1.0;17;305.09155;350.47177;2256.0173;1.0;19;282.53793;326.84866;2385.6519;1.0;20;333.8952;279.50055;2417.8662;1.0;21;331.9561;351.71243;1992.3168;1.0;23;278.5669;375.5122;1850.8297;1.0
2;1342369951713;fallen;0;441.2598;254.58594;2551.3518;1.0;1;379.11523;269.25735;2537.2031;1.0;2;358.97202;274.9899;2463.6262;1.0;5;389.95123;270.27896;2484.9563;1.0;6;410.0067;255.57883;2579.1704;1.0;8;443.02374;261.40005;2528.5654;1.0;11;368.7165;268.277;2589.4502;1.0;12;436.78595;269.2993;2554.4492;1.0;14;481.27707;238.9685;2647.9644;1.0;16;342.69193;281.72592;2364.5833;1.0;17;306.77066;349.49274;2230.37;1.0;19;283.14343;326.82095;2385.1384;1.0;20;332.59293;280.4385;2415.5154;1.0;21;328.97806;350.49142;2010.221;1.0;23;280.22278;377.64755;1921.793;1.0
2;1342369951783;fallen;0;437.77716;255.67673;2538.722;1.0;1;363.89752;274.05597;2489.9795;1.0;2;348.60605;277.55585;2430.7139;1.0;5;375.88345;277.13763;2437.4106;1.0;6;414.95712;260.41888;2574.3516;1.0;8;250.78123;307.54523;2170.0894;1.0;11;352.40723;271.10175;2542.5483;1.0;12;422.54013;270.55307;2508.6272;1.0;14;466.39227;237.36748;2591.7559;1.0;16;338.11932;282.82428;2346.528;1.0;17;302.8142;349.1297;2203.3616;1.0;19;254.2048;301.70648;2329.671;1.0;20;327.09702;279.67017;2396.3684;1.0;21;415.4244;291.24112;2532.1187;1.0;23;315.13324;364.6048;2016.0776;1.0
2;1342369951869;fallen;0;431.25128;253.01735;2551.8967;1.0;1;368.24347;272.34927;2492.1992;1.0;2;351.04208;276.9325;2434.1384;1.0;5;380.32306;272.6668;2430.4001;1.0;6;408.703;265.28592;2525.2812;1.0;8;494.2677;223.77957;2711.9546;1.0;11;356.74847;272.04712;2553.9983;1.0;12;427.67856;267.01816;2515.2502;1.0;14;473.30682;231.09326;2536.3735;1.0;16;337.41833;281.9595;2352.4456;1.0;17;338.19873;359.9746;2021.4637;1.0;19;259.9726;306.5995;2279.301;1.0;20;328.66882;281.52426;2399.7097;1.0;21;418.57306;290.71466;2534.4944;1.0;23;465.34415;253.75624;2861.4912;1.0
2;1342369951931;fallen;0;427.76187;253.59933;2553.825;1.0;1;370.82068;274.50293;2472.7446;1.0;2;352.71075;279.55847;2428.205;1.0;5;384.29285;274.0827;2383.4468;1.0;6;442.92917;256.8386;2454.8516;1.0;8;483.62442;235.66965;2619.5193;1.0;11;358.28766;274.89386;2562.0425;1.0;12;428.7434;269.53638;2522.3523;1.0;14;480.07922;234.3733;2539.8176;1.0;16;337.8208;284.7919;2355.224;1.0;17;340.2288;365.22656;2012.0671;1.0;19;261.6499;308.03296;2286.5251;1.0;20;330.11923;284.81375;2412.1067;1.0;21;418.6015;288.4464;2536.4492;1.0;23;448.6572;266.25153;2854.4495;1.0
2;1342369952008;fallen;0;457.99435;240.92563;2560.4827;1.0;1;375.56094;273.57013;2482.7954;1.0;2;356.61423;279.28503;2433.8394;1.0;5;389.1387;276.05142;2400.8457;1.0;6;440.4956;257.0659;2466.2627;1.0;8;483.51715;237.11131;2641.6501;1.0;11;362.85086;271.24738;2564.7449;1.0;12;432.6942;271.50864;2519.0657;1.0;14;482.5487;233.43175;2531.5852;1.0;16;342.2008;286.48224;2350.1255;1.0;17;340.6554;366.32617;2002.6924;1.0;19;271.81842;324.61456;2274.7383;1.0;20;331.73102;284.0228;2419.6414;1.0;21;419.90692;288.35342;2536.027;1.0;23;437.99393;280.2296;2741.5247;1.0
2;1342369952094;fallen;0;463.54474;237.41943;2552.2566;1.0;1;402.98227;267.6534;2508.4558;1.0;2;371.62253;275.6395;2449.648;1.0;5;413.23624;271.4711;2435.7783;1.0;6;452.90796;253.02156;2482.8694;1.0;8;467.8473;240.60254;2642.0623;1.0;11;393.30576;264.05072;2581.1333;1.0;12;426.97134;267.3143;2500.0002;1.0;14;472.8494;244.83391;2607.4924;1.0;16;343.28186;286.37466;2352.4314;1.0;17;315.1352;355.72458;2139.415;1.0;19;299.13235;376.32706;2328.6956;1.0;20;334.30255;281.7367;2429.2485;1.0;21;419.77853;287.63998;2534.0967;1.0;23;427.36942;290.47818;2694.5989;1.0
2;1342369952154;fallen;0;463.21167;237.21248;2546.7852;1.0;1;368.7273;272.92035;2447.613;1.0;2;358.69672;273.21072;2427.846;1.0;5;392.39716;275.57437;2272.7383;1.0;6;484.9034;254.91373;2382.852;1.0;8;487.53128;239.03783;2535.5732;1.0;11;348.21417;270.62027;2622.488;1.0;12;394.65387;269.01987;2572.4922;1.0;14;433.49603;247.67505;2640.6106;1.0;16;356.334;274.46185;2344.1917;1.0;17;328.38242;382.82034;2325.928;1.0;19;296.48694;384.9062;2259.8823;1.0;20;341.07382;272.5993;2471.9658;1.0;21;429.24048;274.9296;2563.9521;1.0;23;413.65823;295.10843;2702.6482;1.0
2;1342369953265;fallen;0;410.6117;227.87341;2616.0254;1.0;1;402.23297;267.5922;2468.9395;1.0;2;371.98654;272.6101;2450.6743;1.0;5;408.42618;278.80954;2401.401;1.0;6;429.7285;261.31314;2563.1729;1.0;8;491.4159;269.17758;2385.1567;1.0;11;396.3696;256.97226;2536.4783;1.0;12;449.55096;286.2782;2483.173;1.0;14;498.4536;264.94928;2458.2222;1.0;16;344.5897;286.1871;2382.9744;1.0;17;344.56888;346.16415;2010.1774;1.0;19;251.06947;310.33646;2313.914;1.0;20;338.1137;269.5576;2481.844;1.0;21;330.8602;305.403;2094.1826;1.0;23;396.0487;314.316;2396.0598;1.0
2;1342369953323;fallen;0;408.73697;226.06702;2625.0024;1.0;1;403.0613;268.99008;2468.7793;1.0;2;372.35812;273.24713;2452.837;1.0;5;408.6118;279.7772;2401.624;1.0;6;404.772;251.39023;2642.7754;1.0;8;489.80948;270.2493;2372.012;1.0;11;397.80478;258.77432;2535.9343;1.0;12;451.5118;286.23215;2484.4778;1.0;14;499.58252;266.58386;2434.6448;1.0;16;344.19946;286.05963;2385.4773;1.0;17;345.20972;344.31815;2038.3032;1.0;19;258.8898;316.694;2317.1533;1.0;20;338.4287;269.4114;2488.312;1.0;21;330.60208;306.04163;2093.8904;1.0;23;388.99237;326.10962;2361.5576;1.0
2;1342369955005;fallen;0;371.2931;231.77963;2931.0574;1.0;1;409.39627;264.20615;2497.0984;1.0;2;382.2819;270.5576;2481.969;1.0;5;412.12604;264.73526;2456.258;1.0;6;444.1692;257.71286;2464.5847;1.0;8;468.9781;251.72108;2630.3352;1.0;11;406.75433;263.69403;2537.939;1.0;12;442.34177;255.40076;2678.8699;1.0;14;492.5586;242.95859;2509.8757;1.0;16;359.52115;278.89383;2365.7026;1.0;17;388.16553;356.57968;1914.613;1.0;19;361.50204;346.6566;1976.313;1.0;20;350.51788;275.23026;2567.9763;1.0;21;344.5461;327.31128;2441.634;1.0;23;381.8806;393.41965;2362.3892;1.0
2;1342369955093;fallen;0;366.68423;230.43587;2961.0552;1.0;1;407.55133;262.47046;2530.1726;1.0;2;379.86447;270.69983;2494.8547;1.0;5;411.8955;262.616;2486.2537;1.0;6;444.2286;258.06818;2468.584;1.0;8;486.55194;256.5528;2650.3628;1.0;11;403.3554;262.3299;2574.0916;1.0;12;443.97455;254.9799;2666.2158;1.0;14;490.9358;234.80478;2522.231;1.0;16;359.64737;280.25156;2356.8809;1.0;17;391.99533;353.71506;1924.9401;1.0;19;458.13812;403.19962;1631.0336;1.0;20;343.77988;278.1666;2562.1929;1.0;21;339.50107;334.22705;2432.125;1.0;23;378.65167;397.2539;2270.894;1.0
2;1342369955385;fallen;0;400.31525;251.69261;2527.8896;1.0;1;362.98947;265.52405;2561.7705;1.0;2;347.96378;279.5608;2437.064;1.0;5;370.90448;265.4455;2541.6877;1.0;6;390.44968;269.0388;2596.7168;1.0;8;384.46725;263.26233;2579.9695;1.0;11;355.19757;265.60135;2581.8533;1.0;12;413.08334;249.0973;2590.8013;1.0;14;461.33188;233.68365;2660.4814;1.0;16;353.19858;295.55475;2261.3494;1.0;17;392.69955;353.27658;1884.0419;1.0;19;424.23697;376.444;1756.3098;1.0;20;310.38074;294.68753;2363.3655;1.0;21;224.75935;316.21396;2066.0315;1.0;23;359.6804;368.76794;2302.3586;1.0
2;1342369955448;fallen;0;392.5366;250.94151;2568.1147;1.0;1;331.05078;277.02374;2467.042;1.0;2;331.95145;287.0218;2379.555;1.0;5;291.53146;274.11478;2457.7905;1.0;6;349.0253;260.6808;2707.2722;1.0;8;327.6442;255.99036;2648.4043;1.0;11;370.27478;279.91095;2476.2935;1.0;12;418.8613;264.8306;2540.8281;1.0;14;454.4654;253.95744;2673.452;1.0;16;305.8314;295.84232;2286.168;1.0;17;345.8545;353.485;1955.0576;1.0;19;370.86362;373.32874;1812.1954;1.0;20;359.87122;299.71393;2297.9678;1.0;21;306.18228;315.77664;2571.793;1.0;23;382.66202;367.02444;2241.0574;1.0
2;1342369955538;fallen;0;392.81802;251.10596;2559.524;1.0;1;329.57;277.12173;2466.7441;1.0;2;337.82623;283.18222;2405.0955;1.0;5;296.00162;285.40182;2400.6626;1.0;6;347.75607;272.0981;2652.2136;1.0;8;317.9462;268.22418;2586.867;1.0;11;361.38684;269.27368;2532.826;1.0;12;405.84;254.6828;2622.4622;1.0;14;434.99158;243.41399;2762.6633;1.0;16;309.284;299.2601;2273.069;1.0;17;347.3212;357.06894;1925.7252;1.0;19;373.30267;376.97427;1788.0375;1.0;20;381.57852;280.42853;2413.8242;1.0;21;330.4117;316.42474;2102.1204;1.0;23;363.93723;363.22525;2226.0542;1.0
2;1342369976923;fallen;0;381.47202;222.59477;2891.376;1.0;1;405.22964;253.43929;2634.3892;1.0;2;383.40375;267.15335;2513.774;1.0;5;419.09076;242.78242;2563.1755;1.0;6;474.20694;246.54625;2668.4333;1.0;8;520.4385;239.8825;2922.4587;1.0;11;392.09824;263.53516;2705.603;1.0;12;447.23108;248.40054;2677.5789;1.0;14;483.24936;249.54034;2746.4456;1.0;16;380.6955;265.55695;2285.6113;1.0;17;422.99747;334.57767;1920.0476;1.0;19;472.94534;345.19522;1712.6721;1.0;20;339.89374;297.5068;2500.7058;1.0;21;327.99286;379.4932;2608.5798;1.0;23;234.94807;312.80063;2346.3396;1.0
2;1342369977015;fallen;0;382.96307;216.97987;2915.9805;1.0;1;405.7079;259.0328;2611.6128;1.0;2;382.28918;268.21808;2518.3357;1.0;5;420.3164;259.63812;2543.8838;1.0;6;477.95938;246.6779;2652.1497;1.0;8;521.5863;245.93684;2906.2505;1.0;11;391.83795;258.4581;2679.342;1.0;12;440.47037;246.45612;2665.658;1.0;14;486.97186;253.22266;2739.7585;1.0;16;386.3414;280.55765;2290.9487;1.0;17;433.92566;343.3891;1927.5063;1.0;19;500.83347;370.04623;1716.204;1.0;20;330.86438;275.91882;2559.1682;1.0;21;302.45013;300.83923;2220.094;1.0;23;242.00427;303.2888;2396.1099;1.0
2;1342369977078;fallen;0;388.2228;211.90315;2884.354;1.0;1;407.3758;259.2486;2569.7466;1.0;2;381.64062;267.46457;2510.773;1.0;5;420.72055;260.64102;2481.017;1.0;6;476.4907;244.51016;2637.1897;1.0;8;540.4778;244.44081;2887.733;1.0;11;394.92184;257.94913;2658.476;1.0;12;442.38455;248.4893;2654.1277;1.0;14;484.3198;255.61264;2770.7593;1.0;16;374.2117;279.47684;2310.8523;1.0;17;421.15628;332.3689;1910.8115;1.0;19;506.5818;383.11118;1674.2557;1.0;20;337.24814;273.04446;2592.7463;1.0;21;316.69806;300.08325;2242.4644;1.0;23;265.13565;304.06152;2449.168;1.0
2;1342369990004;fallen;0;384.9826;238.08366;2868.307;1.0;1;335.27286;274.185;2511.13;1.0;2;324.3089;276.67548;2427.7236;1.0;5;303.20648;282.77786;2596.7078;1.0;6;354.08124;270.89374;2742.0247;1.0;8;240.02533;300.85275;2394.0332;1.0;11;369.60196;264.9858;2425.552;1.0;12;435.71252;270.52884;2309.9033;1.0;14;489.98407;244.58731;2384.9956;1.0;16;308.96848;280.3104;2353.2231;1.0;17;325.55402;339.6959;1986.4261;1.0;19;352.12866;385.439;2426.3384;1.0;20;316.18857;278.36856;2335.4119;1.0;21;407.62964;292.59186;2506.146;1.0;23;472.27737;282.52277;2619.451;1.0
2;1342369990132;fallen;0;408.17923;240.78963;2714.5542;1.0;1;334.33652;275.23224;2537.6758;1.0;2;321.1278;278.97894;2438.6592;1.0;5;310.50235;278.5997;2602.1606;1.0;6;329.76218;279.76434;2851.3518;1.0;8;236.80994;296.40155;2340.7058;1.0;11;359.4136;271.68915;2473.1912;1.0;12;427.3971;276.50146;2351.6636;1.0;14;486.1698;249.79901;2424.9663;1.0;16;304.70178;283.33057;2344.9116;1.0;17;330.87234;346.99884;1960.0973;1.0;19;353.02484;388.04266;2427.7314;1.0;20;308.90982;282.75366;2334.3735;1.0;21;405.258;291.1986;2504.5664;1.0;23;488.37747;258.86438;2591.834;1.0
2;1342369990214;fallen;0;408.00058;240.37698;2717.1333;1.0;1;333.0452;275.57132;2537.4756;1.0;2;320.07257;279.04877;2438.7148;1.0;5;308.82965;279.56985;2601.9082;1.0;6;323.5004;281.91278;2809.8032;1.0;8;238.99722;295.53925;2343.676;1.0;11;358.52255;271.3644;2473.0432;1.0;12;425.6265;276.62912;2344.6692;1.0;14;486.3424;249.12268;2424.519;1.0;16;304.2284;283.10794;2344.3342;1.0;17;329.85263;345.0073;1972.3815;1.0;19;353.7252;388.39;2426.791;1.0;20;307.78812;282.53055;2335.5737;1.0;21;403.49493;291.2056;2501.7454;1.0;23;486.10492;260.91388;2595.0037;1.0
2;1342369990269;fallen;0;407.95816;240.153;2717.2031;1.0;1;331.25998;275.98257;2536.976;1.0;2;318.7955;279.08154;2439.1826;1.0;5;306.88342;280.58514;2599.6333;1.0;6;236.58243;299.76813;2413.7065;1.0;8;252.94217;277.97702;2360.757;1.0;11;356.8711;271.14688;2474.3188;1.0;12;424.80475;276.00366;2342.9077;1.0;14;486.35968;249.21664;2426.28;1.0;16;303.45554;282.78284;2345.7556;1.0;17;329.22498;343.805;1979.4259;1.0;19;353.6362;389.3951;2418.4966;1.0;20;307.13098;282.09464;2337.0227;1.0;21;401.87167;291.2993;2500.3936;1.0;23;483.52185;262.4378;2596.208;1.0
2;1342369991123;fallen;0;377.51172;224.45958;2653.62;1.0;1;287.4818;262.4362;2463.8428;1.0;2;312.4359;275.96616;2395.6482;1.0;5;282.42184;259.42346;2422.6697;1.0;6;250.98434;292.06223;2314.8752;1.0;8;313.5863;310.19113;1936.3497;1.0;11;292.37546;265.34985;2505.0156;1.0;12;298.3249;294.71277;2228.2786;1.0;14;239.44817;293.85815;2231.3882;1.0;16;329.45862;284.5918;2241.9695;1.0;17;333.3288;381.86316;2310.5647;1.0;19;284.8286;317.17233;2411.4868;1.0;20;347.5804;295.58255;2412.938;1.0;21;437.6416;272.83905;2538.7246;1.0;23;475.06046;251.68538;2677.236;1.0
